Time,Sine1Hz,Sine3Hz,Sine7Hz,Cosine2Hz,Ramp,Square,Step,Noise,Sawtooth,Damped,Chirp,Triangle
0.000000,0.000000,0.000000,0.000000,1.000000,0.000000,0.000000,0.000000,0.345584,0.000000,0.000000,0.000000,1.000000
0.010000,0.062791,0.187381,0.425779,0.992115,0.000500,1.000000,0.000000,0.821618,0.005000,0.093920,0.006346,0.995000
0.020000,0.125333,0.368125,0.770513,0.968583,0.001000,1.000000,0.000000,0.330437,0.010000,0.186633,0.012817,0.990000
0.030000,0.187381,0.535827,0.968583,0.929776,0.001500,1.000000,0.000000,-1.303157,0.015000,0.277322,0.019414,0.985000
0.040000,0.248690,0.684547,0.982287,0.876307,0.002000,1.000000,0.000000,0.905356,0.020000,0.365191,0.026135,0.980000
0.050000,0.309017,0.809017,0.809017,0.809017,0.002500,1.000000,0.000000,0.446375,0.025000,0.449473,0.032981,0.975000
0.060000,0.368125,0.904827,0.481754,0.728969,0.003000,1.000000,0.000000,-0.536953,0.030000,0.529435,0.039950,0.970000
0.070000,0.425779,0.968583,0.062791,0.637424,0.003500,1.000000,0.000000,0.581118,0.035000,0.604386,0.047044,0.965000
0.080000,0.481754,0.998027,-0.368125,0.535827,0.004000,1.000000,0.000000,0.364572,0.040000,0.673682,0.054260,0.960000
0.090000,0.535827,0.992115,-0.728969,0.425779,0.004500,1.000000,0.000000,0.294132,0.045000,0.736730,0.061599,0.955000
0.100000,0.587785,0.951057,-0.951057,0.309017,0.005000,1.000000,0.000000,0.028422,0.050000,0.792997,0.069060,0.950000
0.110000,0.637424,0.876307,-0.992115,0.187381,0.005500,1.000000,0.000000,0.546713,0.055000,0.842012,0.076642,0.945000
0.120000,0.684547,0.770513,-0.844328,0.062791,0.006000,1.000000,0.000000,-0.736454,0.060000,0.883370,0.084346,0.940000
0.130000,0.728969,0.637424,-0.535827,-0.062791,0.006500,1.000000,0.000000,-0.162910,0.065000,0.916733,0.092169,0.935000
0.140000,0.770513,0.481754,-0.125333,-0.187381,0.007000,1.000000,0.000000,-0.482119,0.070000,0.941839,0.100112,0.930000
0.150000,0.809017,0.309017,0.309017,-0.309017,0.007500,1.000000,0.000000,0.598846,0.075000,0.958498,0.108173,0.925000
0.160000,0.844328,0.125333,0.684547,-0.425779,0.008000,1.000000,0.000000,0.039722,0.080000,0.966595,0.116352,0.920000
0.170000,0.876307,-0.062791,0.929776,-0.535827,0.008500,1.000000,0.000000,-0.292457,0.085000,0.966095,0.124648,0.915000
0.180000,0.904827,-0.248690,0.998027,-0.637424,0.009000,1.000000,0.000000,-0.781908,0.090000,0.957034,0.133059,0.910000
0.190000,0.929776,-0.425779,0.876307,-0.728969,0.009500,1.000000,0.000000,-0.257192,0.095000,0.939528,0.141585,0.905000
0.200000,0.951057,-0.587785,0.587785,-0.809017,0.010000,1.000000,0.000000,0.008142,0.100000,0.913765,0.150226,0.900000
0.210000,0.968583,-0.728969,0.187381,-0.876307,0.010500,1.000000,0.000000,-0.275603,0.105000,0.880007,0.158978,0.895000
0.220000,0.982287,-0.844328,-0.248690,-0.929776,0.011000,1.000000,0.000000,1.294064,0.110000,0.838585,0.167842,0.890000
0.230000,0.992115,-0.929776,-0.637424,-0.968583,0.011500,1.000000,0.000000,1.006724,0.115000,0.789897,0.176817,0.885000
0.240000,0.998027,-0.982287,-0.904827,-0.992115,0.012000,1.000000,0.000000,-2.711162,0.120000,0.734402,0.185900,0.880000
0.250000,1.000000,-1.000000,-1.000000,-1.000000,0.012500,1.000000,0.000000,-1.889013,0.125000,0.672621,0.195090,0.875000
0.260000,0.998027,-0.982287,-0.904827,-0.992115,0.013000,1.000000,0.000000,-0.174772,0.130000,0.605125,0.204387,0.870000
0.270000,0.992115,-0.929776,-0.637424,-0.968583,0.013500,1.000000,0.000000,-0.422190,0.135000,0.532536,0.213787,0.865000
0.280000,0.982287,-0.844328,-0.248690,-0.929776,0.014000,1.000000,0.000000,0.213643,0.140000,0.455517,0.223291,0.860000
0.290000,0.968583,-0.728969,0.187381,-0.876307,0.014500,1.000000,0.000000,0.217322,0.145000,0.374769,0.232895,0.855000
0.300000,0.951057,-0.587785,0.587785,-0.809017,0.015000,1.000000,0.000000,2.117839,0.150000,0.291021,0.242599,0.850000
0.310000,0.929776,-0.425779,0.876307,-0.728969,0.015500,1.000000,0.000000,-1.112021,0.155000,0.205029,0.252400,0.845000
0.320000,0.904827,-0.248690,0.998027,-0.637424,0.016000,1.000000,0.000000,-0.377605,0.160000,0.117563,0.262297,0.840000
0.330000,0.876307,-0.062791,0.929776,-0.535827,0.016500,1.000000,0.000000,2.042772,0.165000,0.029405,0.272287,0.835000
0.340000,0.844328,0.125333,0.684547,-0.425779,0.017000,1.000000,0.000000,0.646703,0.170000,-0.058663,0.282368,0.830000
0.350000,0.809017,0.309017,0.309017,-0.309017,0.017500,1.000000,0.000000,0.663063,0.175000,-0.145859,0.292539,0.825000
0.360000,0.770513,0.481754,-0.125333,-0.187381,0.018000,1.000000,0.000000,-0.514006,0.180000,-0.231414,0.302796,0.820000
0.370000,0.728969,0.637424,-0.535827,-0.062791,0.018500,1.000000,0.000000,-1.648075,0.185000,-0.314576,0.313137,0.815000
0.380000,0.684547,0.770513,-0.844328,0.062791,0.019000,1.000000,0.000000,0.167465,0.190000,-0.394619,0.323561,0.810000
0.390000,0.637424,0.876307,-0.992115,0.187381,0.019500,1.000000,0.000000,0.109014,0.195000,-0.470845,0.334064,0.805000
0.400000,0.587785,0.951057,-0.951057,0.309017,0.020000,1.000000,0.000000,-1.227352,0.200000,-0.542594,0.344643,0.800000
0.410000,0.535827,0.992115,-0.728969,0.425779,0.020500,1.000000,0.000000,-0.683227,0.205000,-0.609248,0.355296,0.795000
0.420000,0.481754,0.998027,-0.368125,0.535827,0.021000,1.000000,0.000000,-0.072044,0.210000,-0.670237,0.366021,0.790000
0.430000,0.425779,0.968583,0.062791,0.637424,0.021500,1.000000,0.000000,-0.944752,0.215000,-0.725042,0.376813,0.785000
0.440000,0.368125,0.904827,0.481754,0.728969,0.022000,1.000000,0.000000,-0.098270,0.220000,-0.773202,0.387670,0.780000
0.450000,0.309017,0.809017,0.809017,0.809017,0.022500,1.000000,0.000000,0.095483,0.225000,-0.814319,0.398589,0.775000
0.460000,0.248690,0.684547,0.982287,0.876307,0.023000,1.000000,0.000000,0.035586,0.230000,-0.848054,0.409566,0.770000
0.470000,0.187381,0.535827,0.968583,0.929776,0.023500,1.000000,0.000000,-0.506292,0.235000,-0.874139,0.420599,0.765000
0.480000,0.125333,0.368125,0.770513,0.968583,0.024000,1.000000,0.000000,0.593748,0.240000,-0.892373,0.431683,0.760000
0.490000,0.062791,0.187381,0.425779,0.992115,0.024500,1.000000,0.000000,0.891167,0.245000,-0.902625,0.442815,0.755000
0.500000,0.000000,0.000000,0.000000,1.000000,0.025000,1.000000,0.000000,0.320848,0.250000,-0.904837,0.453990,0.750000
0.510000,-0.062791,-0.187381,-0.425779,0.992115,0.025500,1.000000,0.000000,-0.818230,0.255000,-0.899022,0.465207,0.745000
0.520000,-0.125333,-0.368125,-0.770513,0.968583,0.026000,1.000000,0.000000,0.731652,0.260000,-0.885262,0.476459,0.740000
0.530000,-0.187381,-0.535827,-0.968583,0.929776,0.026500,1.000000,0.000000,-0.501440,0.265000,-0.863712,0.487744,0.735000
0.540000,-0.248690,-0.684547,-0.982287,0.876307,0.027000,1.000000,0.000000,0.879161,0.270000,-0.834593,0.499057,0.730000
0.550000,-0.309017,-0.809017,-0.809017,0.809017,0.027500,1.000000,0.000000,-1.071787,0.275000,-0.798194,0.510393,0.725000
0.560000,-0.368125,-0.904827,-0.481754,0.728969,0.028000,1.000000,0.000000,0.914467,0.280000,-0.754867,0.521748,0.720000
0.570000,-0.425779,-0.968583,-0.062791,0.637424,0.028500,1.000000,0.000000,-0.020063,0.285000,-0.705022,0.533118,0.715000
0.580000,-0.481754,-0.998027,0.368125,0.535827,0.029000,1.000000,0.000000,-1.248749,0.290000,-0.649129,0.544499,0.710000
0.590000,-0.535827,-0.992115,0.728969,0.425779,0.029500,1.000000,0.000000,-0.313899,0.295000,-0.587705,0.555884,0.705000
0.600000,-0.587785,-0.951057,0.951057,0.309017,0.030000,1.000000,0.000000,0.054102,0.300000,-0.521319,0.567269,0.700000
0.610000,-0.637424,-0.876307,0.992115,0.187381,0.030500,1.000000,0.000000,0.272791,0.305000,-0.450577,0.578649,0.695000
0.620000,-0.684547,-0.770513,0.844328,0.062791,0.031000,1.000000,0.000000,-0.982188,0.310000,-0.376125,0.590020,0.690000
0.630000,-0.728969,-0.637424,0.535827,-0.062791,0.031500,1.000000,0.000000,-1.107373,0.315000,-0.298636,0.601374,0.685000
0.640000,-0.770513,-0.481754,0.125333,-0.187381,0.032000,1.000000,0.000000,0.199585,0.320000,-0.218811,0.612708,0.680000
0.650000,-0.809017,-0.309017,-0.309017,-0.309017,0.032500,1.000000,0.000000,-0.466750,0.325000,-0.137364,0.624016,0.675000
0.660000,-0.844328,-0.125333,-0.684547,-0.425779,0.033000,1.000000,0.000000,0.235506,0.330000,-0.055026,0.635291,0.670000
0.670000,-0.876307,0.062791,-0.929776,-0.535827,0.033500,1.000000,0.000000,0.759520,0.335000,0.027472,0.646529,0.665000
0.680000,-0.904827,0.248690,-0.998027,-0.637424,0.034000,1.000000,0.000000,-1.648787,0.340000,0.109396,0.657722,0.660000
0.690000,-0.929776,0.425779,-0.876307,-0.728969,0.034500,1.000000,0.000000,0.254388,0.345000,0.190024,0.668866,0.655000
0.700000,-0.951057,0.587785,-0.587785,-0.809017,0.035000,1.000000,0.000000,1.224647,0.350000,0.268646,0.679953,0.650000
0.710000,-0.968583,0.728969,-0.187381,-0.876307,0.035500,1.000000,0.000000,-0.297527,0.355000,0.344574,0.690978,0.645000
0.720000,-0.982287,0.844328,0.248690,-0.929776,0.036000,1.000000,0.000000,-0.810815,0.360000,0.417145,0.701934,0.640000
0.730000,-0.992115,0.929776,0.637424,-0.968583,0.036500,1.000000,0.000000,0.752244,0.365000,0.485729,0.712815,0.635000
0.740000,-0.998027,0.982287,0.904827,-0.992115,0.037000,1.000000,0.000000,0.253447,0.370000,0.549734,0.723613,0.630000
0.750000,-1.000000,1.000000,1.000000,-1.000000,0.037500,1.000000,0.000000,0.895883,0.375000,0.608612,0.734323,0.625000
0.760000,-0.998027,0.982287,0.904827,-0.992115,0.038000,1.000000,0.000000,-0.345216,0.380000,0.661862,0.744936,0.620000
0.770000,-0.992115,0.929776,0.637424,-0.968583,0.038500,1.000000,0.000000,-1.481818,0.385000,0.709033,0.755447,0.615000
0.780000,-0.982287,0.844328,0.248690,-0.929776,0.039000,1.000000,0.000000,-0.110011,0.390000,0.749732,0.765847,0.610000
0.790000,-0.968583,0.728969,-0.187381,-0.876307,0.039500,1.000000,0.000000,-0.445828,0.395000,0.783625,0.776130,0.605000
0.800000,-0.951057,0.587785,-0.587785,-0.809017,0.040000,1.000000,0.000000,0.775324,0.400000,0.810437,0.786288,0.600000
0.810000,-0.929776,0.425779,-0.876307,-0.728969,0.040500,1.000000,0.000000,0.193633,0.405000,0.829960,0.796315,0.595000
0.820000,-0.904827,0.248690,-0.998027,-0.637424,0.041000,1.000000,0.000000,-1.630849,0.410000,0.842049,0.806201,0.590000
0.830000,-0.876307,0.062791,-0.929776,-0.535827,0.041500,1.000000,0.000000,-1.195163,0.415000,0.846628,0.815940,0.585000
0.840000,-0.844328,-0.125333,-0.684547,-0.425779,0.042000,1.000000,0.000000,0.883789,0.420000,0.843686,0.825523,0.580000
0.850000,-0.809017,-0.309017,-0.309017,-0.309017,0.042500,1.000000,0.000000,0.679765,0.425000,0.833278,0.834944,0.575000
0.860000,-0.770513,-0.481754,0.125333,-0.187381,0.043000,1.000000,0.000000,-0.640243,0.430000,0.815527,0.844193,0.570000
0.870000,-0.728969,-0.637424,0.535827,-0.062791,0.043500,1.000000,0.000000,-0.001049,0.435000,0.790619,0.853263,0.565000
0.880000,-0.684547,-0.770513,0.844328,0.062791,0.044000,1.000000,0.000000,0.445574,0.440000,0.758804,0.862146,0.560000
0.890000,-0.637424,-0.876307,0.992115,0.187381,0.044500,1.000000,0.000000,0.468404,0.445000,0.720392,0.870833,0.555000
0.900000,-0.587785,-0.951057,0.951057,0.309017,0.045000,1.000000,0.000000,0.876242,0.450000,0.675748,0.879316,0.550000
0.910000,-0.535827,-0.992115,0.728969,0.425779,0.045500,1.000000,0.000000,0.256486,0.455000,0.625294,0.887587,0.545000
0.920000,-0.481754,-0.998027,0.368125,0.535827,0.046000,1.000000,0.000000,-0.094828,0.460000,0.569499,0.895637,0.540000
0.930000,-0.425779,-0.968583,-0.062791,0.637424,0.046500,1.000000,0.000000,-0.258848,0.465000,0.508881,0.903458,0.535000
0.940000,-0.368125,-0.904827,-0.481754,0.728969,0.047000,1.000000,0.000000,1.055743,0.470000,0.443994,0.911041,0.530000
0.950000,-0.309017,-0.809017,-0.809017,0.809017,0.047500,1.000000,0.000000,-2.250854,0.475000,0.375432,0.918377,0.525000
0.960000,-0.248690,-0.684547,-0.982287,0.876307,0.048000,1.000000,0.000000,-0.138655,0.480000,0.303816,0.925459,0.520000
0.970000,-0.187381,-0.535827,-0.968583,0.929776,0.048500,1.000000,0.000000,0.033000,0.485000,0.229793,0.932276,0.515000
0.980000,-0.125333,-0.368125,-0.770513,0.968583,0.049000,1.000000,0.000000,-1.425349,0.490000,0.154030,0.938820,0.510000
0.990000,-0.062791,-0.187381,-0.425779,0.992115,0.049500,1.000000,0.000000,0.332814,0.495000,0.077204,0.945084,0.505000
1.000000,-0.000000,-0.000000,-0.000000,1.000000,0.050000,1.000000,0.000000,-0.651281,0.500000,0.000000,0.951057,0.500000
1.010000,0.062791,0.187381,0.425779,0.992115,0.050500,-1.000000,0.000000,0.862445,0.505000,-0.076895,0.956730,0.495000
1.020000,0.125333,0.368125,0.770513,0.968583,0.051000,-1.000000,0.000000,-0.125592,0.510000,-0.152802,0.962096,0.490000
1.030000,0.187381,0.535827,0.968583,0.929776,0.051500,-1.000000,0.000000,0.669153,0.515000,-0.227052,0.967145,0.485000
1.040000,0.248690,0.684547,0.982287,0.876307,0.052000,-1.000000,0.000000,1.218844,0.520000,-0.298993,0.971869,0.480000
1.050000,0.309017,0.809017,0.809017,0.809017,0.052500,-1.000000,0.000000,0.382930,0.525000,-0.367998,0.976258,0.475000
1.060000,0.368125,0.904827,0.481754,0.728969,0.053000,-1.000000,0.000000,-0.875721,0.530000,-0.433465,0.980304,0.470000
1.070000,0.425779,0.968583,0.062791,0.637424,0.053500,-1.000000,0.000000,-1.514319,0.535000,-0.494830,0.983998,0.465000
1.080000,0.481754,0.998027,-0.368125,0.535827,0.054000,-1.000000,0.000000,1.753384,0.540000,-0.551564,0.987332,0.460000
1.090000,0.535827,0.992115,-0.728969,0.425779,0.054500,-1.000000,0.000000,-0.111292,0.545000,-0.603183,0.990296,0.455000
1.100000,0.587785,0.951057,-0.951057,0.309017,0.055000,-1.000000,0.000000,-0.688565,0.550000,-0.649251,0.992883,0.450000
1.110000,0.637424,0.876307,-0.992115,0.187381,0.055500,-1.000000,0.000000,0.144257,0.555000,-0.689382,0.995083,0.445000
1.120000,0.684547,0.770513,-0.844328,0.062791,0.056000,-1.000000,0.000000,-0.191411,0.560000,-0.723242,0.996888,0.440000
1.130000,0.728969,0.637424,-0.535827,-0.062791,0.056500,-1.000000,0.000000,0.852142,0.565000,-0.750558,0.998290,0.435000
1.140000,0.770513,0.481754,-0.125333,-0.187381,0.057000,-1.000000,0.000000,0.033928,0.570000,-0.771113,0.999280,0.430000
1.150000,0.809017,0.309017,0.309017,-0.309017,0.057500,-1.000000,0.000000,0.013750,0.575000,-0.784752,0.999851,0.425000
1.160000,0.844328,0.125333,0.684547,-0.425779,0.058000,-1.000000,0.000000,-0.714580,0.580000,-0.791381,0.999994,0.420000
1.170000,0.876307,-0.062791,0.929776,-0.535827,0.058500,-1.000000,0.000000,0.469568,0.585000,-0.790971,0.999701,0.415000
1.180000,0.904827,-0.248690,0.998027,-0.637424,0.059000,-1.000000,0.000000,-1.033867,0.590000,-0.783553,0.998965,0.410000
1.190000,0.929776,-0.425779,0.876307,-0.728969,0.059500,-1.000000,0.000000,0.665889,0.595000,-0.769220,0.997779,0.405000
1.200000,0.951057,-0.587785,0.587785,-0.809017,0.060000,-1.000000,0.000000,1.523938,0.600000,-0.748128,0.996134,0.400000
1.210000,0.968583,-0.728969,0.187381,-0.876307,0.060500,-1.000000,0.000000,-1.524686,0.605000,-0.720489,0.994023,0.395000
1.220000,0.982287,-0.844328,-0.248690,-0.929776,0.061000,-1.000000,0.000000,-2.466229,0.610000,-0.686575,0.991439,0.390000
1.230000,0.992115,-0.929776,-0.637424,-0.968583,0.061500,-1.000000,0.000000,0.616879,0.615000,-0.646713,0.988376,0.385000
1.240000,0.998027,-0.982287,-0.904827,-0.992115,0.062000,-1.000000,0.000000,2.547898,0.620000,-0.601278,0.984827,0.380000
1.250000,1.000000,-1.000000,-1.000000,-1.000000,0.062500,-1.000000,0.000000,-1.000925,0.625000,-0.550695,0.980785,0.375000
1.260000,0.998027,-0.982287,-0.904827,-0.992115,0.063000,-1.000000,0.000000,-1.250696,0.630000,-0.495434,0.976245,0.370000
1.270000,0.992115,-0.929776,-0.637424,-0.968583,0.063500,-1.000000,0.000000,0.588969,0.635000,-0.436003,0.971199,0.365000
1.280000,0.982287,-0.844328,-0.248690,-0.929776,0.064000,-1.000000,0.000000,-0.840722,0.640000,-0.372946,0.965643,0.360000
1.290000,0.968583,-0.728969,0.187381,-0.876307,0.064500,-1.000000,0.000000,-0.506025,0.645000,-0.306835,0.959572,0.355000
1.300000,0.951057,-0.587785,0.587785,-0.809017,0.065000,-1.000000,0.000000,-0.348117,0.650000,-0.238268,0.952979,0.350000
1.310000,0.929776,-0.425779,0.876307,-0.728969,0.065500,-1.000000,0.000000,0.532002,0.655000,-0.167864,0.945861,0.345000
1.320000,0.904827,-0.248690,0.998027,-0.637424,0.066000,-1.000000,0.000000,-0.405302,0.660000,-0.096253,0.938213,0.340000
1.330000,0.876307,-0.062791,0.929776,-0.535827,0.066500,-1.000000,0.000000,0.277883,0.665000,-0.024074,0.930031,0.335000
1.340000,0.844328,0.125333,0.684547,-0.425779,0.067000,-1.000000,0.000000,-0.176533,0.670000,0.048029,0.921310,0.330000
1.350000,0.809017,0.309017,0.309017,-0.309017,0.067500,-1.000000,0.000000,-0.844671,0.675000,0.119419,0.912049,0.325000
1.360000,0.770513,0.481754,-0.125333,-0.187381,0.068000,-1.000000,0.000000,-0.319826,0.680000,0.189465,0.902242,0.320000
1.370000,0.728969,0.637424,-0.535827,-0.062791,0.068500,-1.000000,0.000000,-0.950400,0.685000,0.257553,0.891889,0.315000
1.380000,0.684547,0.770513,-0.844328,0.062791,0.069000,-1.000000,0.000000,0.006515,0.690000,0.323087,0.880987,0.310000
1.390000,0.637424,0.876307,-0.992115,0.187381,0.069500,-1.000000,0.000000,-1.123866,0.695000,0.385495,0.869533,0.305000
1.400000,0.587785,0.951057,-0.951057,0.309017,0.070000,-1.000000,0.000000,-1.092894,0.700000,0.444239,0.857527,0.300000
1.410000,0.535827,0.992115,-0.728969,0.425779,0.070500,-1.000000,0.000000,1.456962,0.705000,0.498810,0.844967,0.295000
1.420000,0.481754,0.998027,-0.368125,0.535827,0.071000,-1.000000,0.000000,-0.053184,0.710000,0.548743,0.831853,0.290000
1.430000,0.425779,0.968583,0.062791,0.637424,0.071500,-1.000000,0.000000,-0.053902,0.715000,0.593614,0.818186,0.285000
1.440000,0.368125,0.904827,0.481754,0.728969,0.072000,-1.000000,0.000000,0.511536,0.720000,0.633045,0.803965,0.280000
1.450000,0.309017,0.809017,0.809017,0.809017,0.072500,-1.000000,0.000000,-0.420857,0.725000,0.666708,0.789191,0.275000
1.460000,0.248690,0.684547,0.982287,0.876307,0.073000,-1.000000,0.000000,-0.228535,0.730000,0.694328,0.773867,0.270000
1.470000,0.187381,0.535827,0.968583,0.929776,0.073500,-1.000000,0.000000,0.425149,0.735000,0.715684,0.757993,0.265000
1.480000,0.125333,0.368125,0.770513,0.968583,0.074000,-1.000000,0.000000,0.282416,0.740000,0.730613,0.741573,0.260000
1.490000,0.062791,0.187381,0.425779,0.992115,0.074500,-1.000000,0.000000,-1.159297,0.745000,0.739007,0.724610,0.255000
1.500000,0.000000,0.000000,-0.000000,1.000000,0.075000,-1.000000,0.000000,0.833343,0.750000,0.740818,0.707107,0.250000
1.510000,-0.062791,-0.187381,-0.425779,0.992115,0.075500,-1.000000,0.000000,-0.590435,0.755000,0.736057,0.689068,0.245000
1.520000,-0.125333,-0.368125,-0.770513,0.968583,0.076000,-1.000000,0.000000,-1.056079,0.760000,0.724791,0.670499,0.240000
1.530000,-0.187381,-0.535827,-0.968583,0.929776,0.076500,-1.000000,0.000000,-0.900475,0.765000,0.707147,0.651405,0.235000
1.540000,-0.248690,-0.684547,-0.982287,0.876307,0.077000,-1.000000,0.000000,-0.390545,0.770000,0.683307,0.631791,0.230000
1.550000,-0.309017,-0.809017,-0.809017,0.809017,0.077500,-1.000000,0.000000,1.627300,0.775000,0.653506,0.611665,0.225000
1.560000,-0.368125,-0.904827,-0.481754,0.728969,0.078000,-1.000000,0.000000,-1.175536,0.780000,0.618032,0.591034,0.220000
1.570000,-0.425779,-0.968583,-0.062791,0.637424,0.078500,-1.000000,0.000000,0.160076,0.785000,0.577223,0.569905,0.215000
1.580000,-0.481754,-0.998027,0.368125,0.535827,0.079000,-1.000000,0.000000,-2.137824,0.790000,0.531461,0.548287,0.210000
1.590000,-0.535827,-0.992115,0.728969,0.425779,0.079500,-1.000000,0.000000,-0.001567,0.795000,0.481172,0.526190,0.205000
1.600000,-0.587785,-0.951057,0.951057,0.309017,0.080000,-1.000000,0.000000,0.899566,0.800000,0.426820,0.503623,0.200000
1.610000,-0.637424,-0.876307,0.992115,0.187381,0.080500,-1.000000,0.000000,-0.236663,0.805000,0.368901,0.480597,0.195000
1.620000,-0.684547,-0.770513,0.844328,0.062791,0.081000,-1.000000,0.000000,-0.629355,0.810000,0.307945,0.457123,0.190000
1.630000,-0.728969,-0.637424,0.535827,-0.062791,0.081500,-1.000000,0.000000,0.231511,0.815000,0.244503,0.433212,0.185000
1.640000,-0.770513,-0.481754,0.125333,-0.187381,0.082000,-1.000000,0.000000,0.700152,0.820000,0.179147,0.408878,0.180000
1.650000,-0.809017,-0.309017,-0.309017,-0.309017,0.082500,-1.000000,0.000000,0.663658,0.825000,0.112464,0.384134,0.175000
1.660000,-0.844328,-0.125333,-0.684547,-0.425779,0.083000,-1.000000,0.000000,1.972474,0.830000,0.045051,0.358994,0.170000
1.670000,-0.876307,0.062791,-0.929776,-0.535827,0.083500,-1.000000,0.000000,0.209167,0.835000,-0.022492,0.333471,0.165000
1.680000,-0.904827,0.248690,-0.998027,-0.637424,0.084000,-1.000000,0.000000,-0.592410,0.840000,-0.089566,0.307582,0.160000
1.690000,-0.929776,0.425779,-0.876307,-0.728969,0.084500,-1.000000,0.000000,-0.125979,0.845000,-0.155579,0.281343,0.155000
1.700000,-0.951057,0.587785,-0.587785,-0.809017,0.085000,-1.000000,0.000000,-0.072499,0.850000,-0.219949,0.254771,0.150000
1.710000,-0.968583,0.728969,-0.187381,-0.876307,0.085500,-1.000000,0.000000,0.108737,0.855000,-0.282113,0.227882,0.145000
1.720000,-0.982287,0.844328,0.248690,-0.929776,0.086000,-1.000000,0.000000,-0.030028,0.860000,-0.341529,0.200695,0.140000
1.730000,-0.992115,0.929776,0.637424,-0.968583,0.086500,-1.000000,0.000000,0.173966,0.865000,-0.397681,0.173229,0.135000
1.740000,-0.998027,0.982287,0.904827,-0.992115,0.087000,-1.000000,0.000000,-1.670850,0.870000,-0.450084,0.145503,0.130000
1.750000,-1.000000,1.000000,1.000000,-1.000000,0.087500,-1.000000,0.000000,0.829629,0.875000,-0.498290,0.117537,0.125000
1.760000,-0.998027,0.982287,0.904827,-0.992115,0.088000,-1.000000,0.000000,-0.574739,0.880000,-0.541887,0.089353,0.120000
1.770000,-0.992115,0.929776,0.637424,-0.968583,0.088500,-1.000000,0.000000,-1.173159,0.885000,-0.580507,0.060972,0.115000
1.780000,-0.982287,0.844328,0.248690,-0.929776,0.089000,-1.000000,0.000000,0.637751,0.890000,-0.613829,0.032416,0.110000
1.790000,-0.968583,0.728969,-0.187381,-0.876307,0.089500,-1.000000,0.000000,1.317326,0.895000,-0.641578,0.003707,0.105000
1.800000,-0.951057,0.587785,-0.587785,-0.809017,0.090000,-1.000000,0.000000,0.493028,0.900000,-0.663530,-0.025130,0.100000
1.810000,-0.929776,0.425779,-0.876307,-0.728969,0.090500,-1.000000,0.000000,0.161159,0.905000,-0.679514,-0.054072,0.095000
1.820000,-0.904827,0.248690,-0.998027,-0.637424,0.091000,-1.000000,0.000000,-0.932220,0.910000,-0.689412,-0.083093,0.090000
1.830000,-0.876307,0.062791,-0.929776,-0.535827,0.091500,-1.000000,0.000000,2.871567,0.915000,-0.693161,-0.112170,0.085000
1.840000,-0.844328,-0.125333,-0.684547,-0.425779,0.092000,-1.000000,0.000000,0.880259,0.920000,-0.690751,-0.141274,0.080000
1.850000,-0.809017,-0.309017,-0.309017,-0.309017,0.092500,-1.000000,0.000000,-1.139295,0.925000,-0.682230,-0.170381,0.075000
1.860000,-0.770513,-0.481754,0.125333,-0.187381,0.093000,-1.000000,0.000000,-0.779638,0.930000,-0.667697,-0.199464,0.070000
1.870000,-0.728969,-0.637424,0.535827,-0.062791,0.093500,-1.000000,0.000000,0.086979,0.935000,-0.647304,-0.228494,0.065000
1.880000,-0.684547,-0.770513,0.844328,0.062791,0.094000,-1.000000,0.000000,-1.554731,0.940000,-0.621256,-0.257443,0.060000
1.890000,-0.637424,-0.876307,0.992115,0.187381,0.094500,-1.000000,0.000000,0.168630,0.945000,-0.589807,-0.286284,0.055000
1.900000,-0.587785,-0.951057,0.951057,0.309017,0.095000,-1.000000,0.000000,-0.459072,0.950000,-0.553256,-0.314987,0.050000
1.910000,-0.535827,-0.992115,0.728969,0.425779,0.095500,-1.000000,0.000000,1.226271,0.955000,-0.511947,-0.343522,0.045000
1.920000,-0.481754,-0.998027,0.368125,0.535827,0.096000,-1.000000,0.000000,0.962155,0.960000,-0.466267,-0.371860,0.040000
1.930000,-0.425779,-0.968583,-0.062791,0.637424,0.096500,-1.000000,0.000000,-2.711285,0.965000,-0.416636,-0.399972,0.035000
1.940000,-0.368125,-0.904827,-0.481754,0.728969,0.097000,-1.000000,0.000000,0.041703,0.970000,-0.363512,-0.427825,0.030000
1.950000,-0.309017,-0.809017,-0.809017,0.809017,0.097500,-1.000000,0.000000,-1.617467,0.975000,-0.307377,-0.455390,0.025000
1.960000,-0.248690,-0.684547,-0.982287,0.876307,0.098000,-1.000000,0.000000,1.109638,0.980000,-0.248743,-0.482634,0.020000
1.970000,-0.187381,-0.535827,-0.968583,0.929776,0.098500,-1.000000,0.000000,0.168106,0.985000,-0.188139,-0.509528,0.015000
1.980000,-0.125333,-0.368125,-0.770513,0.968583,0.099000,-1.000000,0.000000,0.548405,0.990000,-0.126109,-0.536039,0.010000
1.990000,-0.062791,-0.187381,-0.425779,0.992115,0.099500,-1.000000,0.000000,-1.065125,0.995000,-0.063209,-0.562135,0.005000
2.000000,-0.000000,-0.000000,-0.000000,1.000000,0.100000,-1.000000,0.000000,1.828430,0.000000,-0.000000,-0.587785,0.000000
2.010000,0.062791,0.187381,0.425779,0.992115,0.100500,1.000000,0.000000,2.020073,0.005000,0.062957,-0.612957,0.005000
2.020000,0.125333,0.368125,0.770513,0.968583,0.101000,1.000000,0.000000,-1.064771,0.010000,0.125104,-0.637618,0.010000
2.030000,0.187381,0.535827,0.968583,0.929776,0.101500,1.000000,0.000000,0.372815,0.015000,0.185895,-0.661736,0.015000
2.040000,0.248690,0.684547,0.982287,0.876307,0.102000,1.000000,0.000000,-0.673302,0.020000,0.244795,-0.685280,0.020000
2.050000,0.309017,0.809017,0.809017,0.809017,0.102500,1.000000,0.000000,-0.023570,0.025000,0.301291,-0.708217,0.025000
2.060000,0.368125,0.904827,0.481754,0.728969,0.103000,1.000000,0.000000,-1.265637,0.030000,0.354891,-0.730515,0.030000
2.070000,0.425779,0.968583,0.062791,0.637424,0.103500,1.000000,0.000000,1.867146,0.035000,0.405132,-0.752144,0.035000
2.080000,0.481754,0.998027,-0.368125,0.535827,0.104000,1.000000,0.000000,-0.969180,0.040000,0.451582,-0.773070,0.040000
2.090000,0.535827,0.992115,-0.728969,0.425779,0.104500,1.000000,0.000000,-0.296084,0.045000,0.493845,-0.793264,0.045000
2.100000,0.587785,0.951057,-0.951057,0.309017,0.105000,1.000000,0.000000,0.501483,0.050000,0.531562,-0.812694,0.050000
2.110000,0.637424,0.876307,-0.992115,0.187381,0.105500,1.000000,0.000000,-0.647561,0.055000,0.564418,-0.831330,0.055000
2.120000,0.684547,0.770513,-0.844328,0.062791,0.106000,1.000000,0.000000,-0.239312,0.060000,0.592140,-0.849141,0.060000
2.130000,0.728969,0.637424,-0.535827,-0.062791,0.106500,1.000000,0.000000,-0.563640,0.065000,0.614505,-0.866099,0.065000
2.140000,0.770513,0.481754,-0.125333,-0.187381,0.107000,1.000000,0.000000,-0.133461,0.070000,0.631334,-0.882173,0.070000
2.150000,0.809017,0.309017,0.309017,-0.309017,0.107500,1.000000,0.000000,-1.170543,0.075000,0.642500,-0.897335,0.075000
2.160000,0.844328,0.125333,0.684547,-0.425779,0.108000,1.000000,0.000000,-0.437988,0.080000,0.647928,-0.911558,0.080000
2.170000,0.876307,-0.062791,0.929776,-0.535827,0.108500,1.000000,0.000000,-0.206893,0.085000,0.647593,-0.924815,0.085000
2.180000,0.904827,-0.248690,0.998027,-0.637424,0.109000,1.000000,0.000000,-0.333726,0.090000,0.641519,-0.937077,0.090000
2.190000,0.929776,-0.425779,0.876307,-0.728969,0.109500,1.000000,0.000000,0.056690,0.095000,0.629784,-0.948321,0.095000
2.200000,0.951057,-0.587785,0.587785,-0.809017,0.110000,1.000000,0.000000,-0.293102,0.100000,0.612515,-0.958522,0.100000
2.210000,0.968583,-0.728969,0.187381,-0.876307,0.110500,1.000000,0.000000,0.753211,0.105000,0.589886,-0.967655,0.105000
2.220000,0.982287,-0.844328,-0.248690,-0.929776,0.111000,1.000000,0.000000,-0.323196,0.110000,0.562120,-0.975697,0.110000
2.230000,0.992115,-0.929776,-0.637424,-0.968583,0.111500,1.000000,0.000000,-0.136650,0.115000,0.529484,-0.982627,0.115000
2.240000,0.998027,-0.982287,-0.904827,-0.992115,0.112000,1.000000,0.000000,-0.664781,0.120000,0.492285,-0.988424,0.120000
2.250000,1.000000,-1.000000,-1.000000,-1.000000,0.112500,1.000000,0.000000,-0.526515,0.125000,0.450871,-0.993068,0.125000
2.260000,0.998027,-0.982287,-0.904827,-0.992115,0.113000,1.000000,0.000000,-1.264493,0.130000,0.405627,-0.996542,0.130000
2.270000,0.992115,-0.929776,-0.637424,-0.968583,0.113500,1.000000,0.000000,0.518785,0.135000,0.356969,-0.998827,0.135000
2.280000,0.982287,-0.844328,-0.248690,-0.929776,0.114000,1.000000,0.000000,-1.142518,0.140000,0.305342,-0.999908,0.140000
2.290000,0.968583,-0.728969,0.187381,-0.876307,0.114500,1.000000,0.000000,-0.745856,0.145000,0.251215,-0.999770,0.145000
2.300000,0.951057,-0.587785,0.587785,-0.809017,0.115000,1.000000,0.000000,0.359245,0.150000,0.195077,-0.998402,0.150000
2.310000,0.929776,-0.425779,0.876307,-0.728969,0.115500,1.000000,0.000000,0.402573,0.155000,0.137435,-0.995790,0.155000
2.320000,0.904827,-0.248690,0.998027,-0.637424,0.116000,1.000000,0.000000,-0.400115,0.160000,0.078805,-0.991925,0.160000
2.330000,0.876307,-0.062791,0.929776,-0.535827,0.116500,1.000000,0.000000,-2.019266,0.165000,0.019710,-0.986798,0.165000
2.340000,0.844328,0.125333,0.684547,-0.425779,0.117000,1.000000,0.000000,0.420513,0.170000,-0.039323,-0.980403,0.170000
2.350000,0.809017,0.309017,0.309017,-0.309017,0.117500,1.000000,0.000000,0.259563,0.175000,-0.097772,-0.972735,0.175000
2.360000,0.770513,0.481754,-0.125333,-0.187381,0.118000,1.000000,0.000000,-1.412381,0.180000,-0.155121,-0.963791,0.180000
2.370000,0.728969,0.637424,-0.535827,-0.062791,0.118500,1.000000,0.000000,0.770322,0.185000,-0.210867,-0.953568,0.185000
2.380000,0.684547,0.770513,-0.844328,0.062791,0.119000,1.000000,0.000000,-0.701100,0.190000,-0.264521,-0.942067,0.190000
2.390000,0.637424,0.876307,-0.992115,0.187381,0.119500,1.000000,0.000000,-1.126188,0.195000,-0.315617,-0.929290,0.195000
2.400000,0.587785,0.951057,-0.951057,0.309017,0.120000,1.000000,0.000000,0.095731,0.200000,-0.363712,-0.915241,0.200000
2.410000,0.535827,0.992115,-0.728969,0.425779,0.120500,1.000000,0.000000,-0.178470,0.205000,-0.408391,-0.899926,0.205000
2.420000,0.481754,0.998027,-0.368125,0.535827,0.121000,1.000000,0.000000,0.202624,0.210000,-0.449273,-0.883354,0.210000
2.430000,0.425779,0.968583,0.062791,0.637424,0.121500,1.000000,0.000000,-1.605748,0.215000,-0.486010,-0.865533,0.215000
2.440000,0.368125,0.904827,0.481754,0.728969,0.122000,1.000000,0.000000,1.812230,0.220000,-0.518293,-0.846476,0.220000
2.450000,0.309017,0.809017,0.809017,0.809017,0.122500,1.000000,0.000000,-0.602659,0.225000,-0.545854,-0.826197,0.225000
2.460000,0.248690,0.684547,0.982287,0.876307,0.123000,1.000000,0.000000,-1.539659,0.230000,-0.568468,-0.804711,0.230000
2.470000,0.187381,0.535827,0.968583,0.929776,0.123500,1.000000,0.000000,0.618842,0.235000,-0.585953,-0.782039,0.235000
2.480000,0.125333,0.368125,0.770513,0.968583,0.124000,1.000000,0.000000,-0.354804,0.240000,-0.598175,-0.758198,0.240000
2.490000,0.062791,0.187381,0.425779,0.992115,0.124500,1.000000,0.000000,0.324858,0.245000,-0.605048,-0.733213,0.245000
2.500000,0.000000,0.000000,0.000000,1.000000,0.125000,1.000000,0.000000,-0.339608,0.250000,-0.606531,-0.707107,0.250000
2.510000,-0.062791,-0.187381,-0.425779,0.992115,0.125500,1.000000,0.000000,-0.059740,0.255000,-0.602632,-0.679907,0.255000
2.520000,-0.125333,-0.368125,-0.770513,0.968583,0.126000,1.000000,0.000000,0.245773,0.260000,-0.593409,-0.651643,0.260000
2.530000,-0.187381,-0.535827,-0.968583,0.929776,0.126500,1.000000,0.000000,-0.746653,0.265000,-0.578963,-0.622345,0.265000
2.540000,-0.248690,-0.684547,-0.982287,0.876307,0.127000,1.000000,0.000000,0.678740,0.270000,-0.559444,-0.592047,0.270000
2.550000,-0.309017,-0.809017,-0.809017,0.809017,0.127500,1.000000,0.000000,-0.469900,0.275000,-0.535045,-0.560784,0.275000
2.560000,-0.368125,-0.904827,-0.481754,0.728969,0.128000,1.000000,0.000000,-0.869687,0.280000,-0.506002,-0.528592,0.280000
2.570000,-0.425779,-0.968583,-0.062791,0.637424,0.128500,1.000000,0.000000,0.077032,0.285000,-0.472590,-0.495513,0.285000
2.580000,-0.481754,-0.998027,0.368125,0.535827,0.129000,1.000000,0.000000,0.445041,0.290000,-0.435124,-0.461588,0.290000
2.590000,-0.535827,-0.992115,0.728969,0.425779,0.129500,1.000000,0.000000,-0.229079,0.295000,-0.393951,-0.426859,0.295000
2.600000,-0.587785,-0.951057,0.951057,0.309017,0.130000,1.000000,0.000000,-0.862520,0.300000,-0.349450,-0.391374,0.300000
2.610000,-0.637424,-0.876307,0.992115,0.187381,0.130500,1.000000,0.000000,0.619786,0.305000,-0.302031,-0.355179,0.305000
2.620000,-0.684547,-0.770513,0.844328,0.062791,0.131000,1.000000,0.000000,-1.760329,0.310000,-0.252124,-0.318324,0.310000
2.630000,-0.728969,-0.637424,0.535827,-0.062791,0.131500,1.000000,0.000000,-1.030864,0.315000,-0.200182,-0.280861,0.315000
2.640000,-0.770513,-0.481754,0.125333,-0.187381,0.132000,1.000000,0.000000,0.039523,0.320000,-0.146673,-0.242843,0.320000
2.650000,-0.809017,-0.309017,-0.309017,-0.309017,0.132500,1.000000,0.000000,-1.361059,0.325000,-0.092078,-0.204325,0.325000
2.660000,-0.844328,-0.125333,-0.684547,-0.425779,0.133000,1.000000,0.000000,0.027994,0.330000,-0.036885,-0.165364,0.330000
2.670000,-0.876307,0.062791,-0.929776,-0.535827,0.133500,1.000000,0.000000,-0.054863,0.335000,0.018415,-0.126019,0.335000
2.680000,-0.904827,0.248690,-0.998027,-0.637424,0.134000,1.000000,0.000000,0.898740,0.340000,0.073330,-0.086349,0.340000
2.690000,-0.929776,0.425779,-0.876307,-0.728969,0.134500,1.000000,0.000000,-0.914790,0.345000,0.127377,-0.046416,0.345000
2.700000,-0.951057,0.587785,-0.587785,-0.809017,0.135000,1.000000,0.000000,-0.625907,0.350000,0.180079,-0.006283,0.350000
2.710000,-0.968583,0.728969,-0.187381,-0.876307,0.135500,1.000000,0.000000,0.333182,0.355000,0.230975,0.033985,0.355000
2.720000,-0.982287,0.844328,0.248690,-0.929776,0.136000,1.000000,0.000000,-2.457564,0.360000,0.279620,0.074324,0.360000
2.730000,-0.992115,0.929776,0.637424,-0.968583,0.136500,1.000000,0.000000,3.100042,0.365000,0.325594,0.114667,0.365000
2.740000,-0.998027,0.982287,0.904827,-0.992115,0.137000,1.000000,0.000000,-0.698651,0.370000,0.368498,0.154945,0.370000
2.750000,-1.000000,1.000000,1.000000,-1.000000,0.137500,1.000000,0.000000,-0.729835,0.375000,0.407965,0.195090,0.375000
2.760000,-0.998027,0.982287,0.904827,-0.992115,0.138000,1.000000,0.000000,0.861128,0.380000,0.443659,0.235034,0.380000
2.770000,-0.992115,0.929776,0.637424,-0.968583,0.138500,1.000000,0.000000,-0.039832,0.385000,0.475279,0.274704,0.385000
2.780000,-0.982287,0.844328,0.248690,-0.929776,0.139000,1.000000,0.000000,-1.779429,0.390000,0.502561,0.314032,0.390000
2.790000,-0.968583,0.728969,-0.187381,-0.876307,0.139500,1.000000,0.000000,0.626927,0.395000,0.525279,0.352946,0.395000
2.800000,-0.951057,0.587785,-0.587785,-0.809017,0.140000,1.000000,0.000000,0.855378,0.400000,0.543252,0.391374,0.400000
2.810000,-0.929776,0.425779,-0.876307,-0.728969,0.140500,1.000000,0.000000,-0.449946,0.405000,0.556339,0.429244,0.405000
2.820000,-0.904827,0.248690,-0.998027,-0.637424,0.141000,1.000000,0.000000,-0.281600,0.410000,0.564443,0.466485,0.410000
2.830000,-0.876307,0.062791,-0.929776,-0.535827,0.141500,1.000000,0.000000,0.485985,0.415000,0.567512,0.503026,0.415000
2.840000,-0.844328,-0.125333,-0.684547,-0.425779,0.142000,1.000000,0.000000,-0.908780,0.420000,0.565539,0.538794,0.420000
2.850000,-0.809017,-0.309017,-0.309017,-0.309017,0.142500,1.000000,0.000000,0.438389,0.425000,0.558563,0.573719,0.425000
2.860000,-0.770513,-0.481754,0.125333,-0.187381,0.143000,1.000000,0.000000,0.199299,0.430000,0.546664,0.607731,0.430000
2.870000,-0.728969,-0.637424,0.535827,-0.062791,0.143500,1.000000,0.000000,-0.674933,0.435000,0.529968,0.640758,0.435000
2.880000,-0.684547,-0.770513,0.844328,0.062791,0.144000,1.000000,0.000000,-1.392102,0.440000,0.508642,0.672734,0.440000
2.890000,-0.637424,-0.876307,0.992115,0.187381,0.144500,1.000000,0.000000,-0.225606,0.445000,0.482893,0.703588,0.445000
2.900000,-0.587785,-0.951057,0.951057,0.309017,0.145000,1.000000,0.000000,-0.875422,0.450000,0.452967,0.733255,0.450000
2.910000,-0.535827,-0.992115,0.728969,0.425779,0.145500,1.000000,0.000000,1.001410,0.455000,0.419147,0.761670,0.455000
2.920000,-0.481754,-0.998027,0.368125,0.535827,0.146000,1.000000,0.000000,0.144085,0.460000,0.381747,0.788767,0.460000
2.930000,-0.425779,-0.968583,-0.062791,0.637424,0.146500,1.000000,0.000000,0.782085,0.465000,0.341113,0.814484,0.465000
2.940000,-0.368125,-0.904827,-0.481754,0.728969,0.147000,1.000000,0.000000,0.134622,0.470000,0.297618,0.838762,0.470000
2.950000,-0.309017,-0.809017,-0.809017,0.809017,0.147500,1.000000,0.000000,0.262901,0.475000,0.251659,0.861541,0.475000
2.960000,-0.248690,-0.684547,-0.982287,0.876307,0.148000,1.000000,0.000000,-0.782999,0.480000,0.203654,0.882764,0.480000
2.970000,-0.187381,-0.535827,-0.968583,0.929776,0.148500,1.000000,0.000000,0.668047,0.485000,0.154035,0.902378,0.485000
2.980000,-0.125333,-0.368125,-0.770513,0.968583,0.149000,1.000000,0.000000,1.784698,0.490000,0.103249,0.920330,0.490000
2.990000,-0.062791,-0.187381,-0.425779,0.992115,0.149500,1.000000,0.000000,-0.309688,0.495000,0.051751,0.936572,0.495000
3.000000,-0.000000,-0.000000,0.000000,1.000000,0.150000,1.000000,0.000000,-0.592775,0.500000,0.000000,0.951057,0.500000
3.010000,0.062791,0.187381,0.425779,0.992115,0.150500,-1.000000,0.000000,-0.157837,0.505000,-0.051545,0.963740,0.505000
3.020000,0.125333,0.368125,0.770513,0.968583,0.151000,-1.000000,0.000000,-0.481280,0.510000,-0.102427,0.974583,0.510000
3.030000,0.187381,0.535827,0.968583,0.929776,0.151500,-1.000000,0.000000,-0.701479,0.515000,-0.152198,0.983548,0.515000
3.040000,0.248690,0.684547,0.982287,0.876307,0.152000,-1.000000,0.000000,0.138194,0.520000,-0.200421,0.990599,0.520000
3.050000,0.309017,0.809017,0.809017,0.809017,0.152500,-1.000000,0.000000,-0.290918,0.525000,-0.246676,0.995709,0.525000
3.060000,0.368125,0.904827,0.481754,0.728969,0.153000,-1.000000,0.000000,1.438874,0.530000,-0.290560,0.998848,0.530000
3.070000,0.425779,0.968583,0.062791,0.637424,0.153500,-1.000000,0.000000,0.000202,0.535000,-0.331694,0.999995,0.535000
3.080000,0.481754,0.998027,-0.368125,0.535827,0.154000,-1.000000,0.000000,0.323912,0.540000,-0.369724,0.999130,0.540000
3.090000,0.535827,0.992115,-0.728969,0.425779,0.154500,-1.000000,0.000000,0.952022,0.545000,-0.404326,0.996238,0.545000
3.100000,0.587785,0.951057,-0.951057,0.309017,0.155000,-1.000000,0.000000,-0.300756,0.550000,-0.435206,0.991308,0.550000
3.110000,0.637424,0.876307,-0.992115,0.187381,0.155500,-1.000000,0.000000,1.436737,0.555000,-0.462106,0.984333,0.555000
3.120000,0.684547,0.770513,-0.844328,0.062791,0.156000,-1.000000,0.000000,-0.632694,0.560000,-0.484804,0.975310,0.560000
3.130000,0.728969,0.637424,-0.535827,-0.062791,0.156500,-1.000000,0.000000,-0.808328,0.565000,-0.503114,0.964242,0.565000
3.140000,0.770513,0.481754,-0.125333,-0.187381,0.157000,-1.000000,0.000000,-0.366267,0.570000,-0.516892,0.951134,0.570000
3.150000,0.809017,0.309017,0.309017,-0.309017,0.157500,-1.000000,0.000000,-0.114717,0.575000,-0.526035,0.935998,0.575000
3.160000,0.844328,0.125333,0.684547,-0.425779,0.158000,-1.000000,0.000000,-1.401318,0.580000,-0.530479,0.918849,0.580000
3.170000,0.876307,-0.062791,0.929776,-0.535827,0.158500,-1.000000,0.000000,-0.035095,0.585000,-0.530204,0.899707,0.585000
3.180000,0.904827,-0.248690,0.998027,-0.637424,0.159000,-1.000000,0.000000,-1.667487,0.590000,-0.525231,0.878597,0.590000
3.190000,0.929776,-0.425779,0.876307,-0.728969,0.159500,-1.000000,0.000000,1.392138,0.595000,-0.515624,0.855549,0.595000
3.200000,0.951057,-0.587785,0.587785,-0.809017,0.160000,-1.000000,0.000000,-0.080997,0.600000,-0.501485,0.830596,0.600000
3.210000,0.968583,-0.728969,0.187381,-0.876307,0.160500,-1.000000,0.000000,-0.641958,0.605000,-0.482958,0.803778,0.605000
3.220000,0.982287,-0.844328,-0.248690,-0.929776,0.161000,-1.000000,0.000000,-0.908338,0.610000,-0.460225,0.775139,0.610000
3.230000,0.992115,-0.929776,-0.637424,-0.968583,0.161500,-1.000000,0.000000,-0.384430,0.615000,-0.433504,0.744726,0.615000
3.240000,0.998027,-0.982287,-0.904827,-0.992115,0.162000,-1.000000,0.000000,-0.223079,0.620000,-0.403048,0.712594,0.620000
3.250000,1.000000,-1.000000,-1.000000,-1.000000,0.162500,-1.000000,0.000000,-1.044511,0.625000,-0.369142,0.678801,0.625000
3.260000,0.998027,-0.982287,-0.904827,-0.992115,0.163000,-1.000000,0.000000,-0.919795,0.630000,-0.332100,0.643408,0.630000
3.270000,0.992115,-0.929776,-0.637424,-0.968583,0.163500,-1.000000,0.000000,-0.187175,0.635000,-0.292262,0.606483,0.635000
3.280000,0.982287,-0.844328,-0.248690,-0.929776,0.164000,-1.000000,0.000000,-0.520784,0.640000,-0.249993,0.568097,0.640000
3.290000,0.968583,-0.728969,0.187381,-0.876307,0.164500,-1.000000,0.000000,0.939213,0.645000,-0.205677,0.528326,0.645000
3.300000,0.951057,-0.587785,0.587785,-0.809017,0.165000,-1.000000,0.000000,1.137870,0.650000,-0.159716,0.487250,0.650000
3.310000,0.929776,-0.425779,0.876307,-0.728969,0.165500,-1.000000,0.000000,0.016021,0.655000,-0.112522,0.444954,0.655000
3.320000,0.904827,-0.248690,0.998027,-0.637424,0.166000,-1.000000,0.000000,0.473600,0.660000,-0.064520,0.401526,0.660000
3.330000,0.876307,-0.062791,0.929776,-0.535827,0.166500,-1.000000,0.000000,-1.335188,0.665000,-0.016138,0.357058,0.665000
3.340000,0.844328,0.125333,0.684547,-0.425779,0.167000,-1.000000,0.000000,0.637418,0.670000,0.032195,0.311645,0.670000
3.350000,0.809017,0.309017,0.309017,-0.309017,0.167500,-1.000000,0.000000,-0.030583,0.675000,0.080049,0.265388,0.675000
3.360000,0.770513,0.481754,-0.125333,-0.187381,0.168000,-1.000000,0.000000,0.484668,0.680000,0.127002,0.218389,0.680000
3.370000,0.728969,0.637424,-0.535827,-0.062791,0.168500,-1.000000,0.000000,1.600356,0.685000,0.172643,0.170753,0.685000
3.380000,0.684547,0.770513,-0.844328,0.062791,0.169000,-1.000000,0.000000,-2.280858,0.690000,0.216572,0.122590,0.690000
3.390000,0.637424,0.876307,-0.992115,0.187381,0.169500,-1.000000,0.000000,0.260948,0.695000,0.258405,0.074011,0.695000
3.400000,0.587785,0.951057,-0.951057,0.309017,0.170000,-1.000000,0.000000,-1.099119,0.700000,0.297782,0.025130,0.700000
3.410000,0.535827,0.992115,-0.728969,0.425779,0.170500,-1.000000,0.000000,0.592197,0.705000,0.334362,-0.023937,0.705000
3.420000,0.481754,0.998027,-0.368125,0.535827,0.171000,-1.000000,0.000000,-1.313313,0.710000,0.367834,-0.073071,0.710000
3.430000,0.425779,0.968583,0.062791,0.637424,0.171500,-1.000000,0.000000,-0.495400,0.715000,0.397911,-0.122153,0.715000
3.440000,0.368125,0.904827,0.481754,0.728969,0.172000,-1.000000,0.000000,0.202734,0.720000,0.424343,-0.171062,0.720000
3.450000,0.309017,0.809017,0.809017,0.809017,0.172500,-1.000000,0.000000,0.613509,0.725000,0.446908,-0.219676,0.725000
3.460000,0.248690,0.684547,0.982287,0.876307,0.173000,-1.000000,0.000000,0.074794,0.730000,0.465422,-0.267871,0.730000
3.470000,0.187381,0.535827,0.968583,0.929776,0.173500,-1.000000,0.000000,-0.792831,0.735000,0.479738,-0.315523,0.735000
3.480000,0.125333,0.368125,0.770513,0.968583,0.174000,-1.000000,0.000000,-0.553532,0.740000,0.489744,-0.362510,0.740000
3.490000,0.062791,0.187381,0.425779,0.992115,0.174500,-1.000000,0.000000,0.884503,0.745000,0.495371,-0.408706,0.745000
3.500000,0.000000,-0.000000,0.000000,1.000000,0.175000,-1.000000,0.000000,-0.005500,0.750000,0.496585,-0.453990,0.750000
3.510000,-0.062791,-0.187381,-0.425779,0.992115,0.175500,-1.000000,0.000000,-1.683814,0.755000,0.493394,-0.498240,0.755000
3.520000,-0.125333,-0.368125,-0.770513,0.968583,0.176000,-1.000000,0.000000,0.843663,0.760000,0.485842,-0.541333,0.760000
3.530000,-0.187381,-0.535827,-0.968583,0.929776,0.176500,-1.000000,0.000000,0.416248,0.765000,0.474015,-0.583150,0.765000
3.540000,-0.248690,-0.684547,-0.982287,0.876307,0.177000,-1.000000,0.000000,0.873416,0.770000,0.458034,-0.623574,0.770000
3.550000,-0.309017,-0.809017,-0.809017,0.809017,0.177500,-1.000000,0.000000,-0.336627,0.775000,0.438058,-0.662489,0.775000
3.560000,-0.368125,-0.904827,-0.481754,0.728969,0.178000,-1.000000,0.000000,0.828157,0.780000,0.414280,-0.699783,0.780000
3.570000,-0.425779,-0.968583,-0.062791,0.637424,0.178500,-1.000000,0.000000,-1.061065,0.785000,0.386924,-0.735345,0.785000
3.580000,-0.481754,-0.998027,0.368125,0.535827,0.179000,-1.000000,0.000000,0.570000,0.790000,0.356249,-0.769069,0.790000
3.590000,-0.535827,-0.992115,0.728969,0.425779,0.179500,-1.000000,0.000000,-0.490380,0.795000,0.322539,-0.800853,0.795000
3.600000,-0.587785,-0.951057,0.951057,0.309017,0.180000,-1.000000,0.000000,0.674352,0.800000,0.286106,-0.830596,0.800000
3.610000,-0.637424,-0.876307,0.992115,0.187381,0.180500,-1.000000,0.000000,1.005644,0.805000,0.247282,-0.858205,0.805000
3.620000,-0.684547,-0.770513,0.844328,0.062791,0.181000,-1.000000,0.000000,-0.735990,0.810000,0.206422,-0.883589,0.810000
3.630000,-0.728969,-0.637424,0.535827,-0.062791,0.181500,-1.000000,0.000000,-0.051229,0.815000,0.163895,-0.906664,0.815000
3.640000,-0.770513,-0.481754,0.125333,-0.187381,0.182000,-1.000000,0.000000,0.038955,0.820000,0.120086,-0.927351,0.820000
3.650000,-0.809017,-0.309017,-0.309017,-0.309017,0.182500,-1.000000,0.000000,1.189665,0.825000,0.075387,-0.945575,0.825000
3.660000,-0.844328,-0.125333,-0.684547,-0.425779,0.183000,-1.000000,0.000000,0.710558,0.830000,0.030199,-0.961269,0.830000
3.670000,-0.876307,0.062791,-0.929776,-0.535827,0.183500,-1.000000,0.000000,-1.219278,0.835000,-0.015077,-0.974372,0.835000
3.680000,-0.904827,0.248690,-0.998027,-0.637424,0.184000,-1.000000,0.000000,0.457608,0.840000,-0.060038,-0.984827,0.840000
3.690000,-0.929776,0.425779,-0.876307,-0.728969,0.184500,-1.000000,0.000000,0.745089,0.845000,-0.104288,-0.992588,0.845000
3.700000,-0.951057,0.587785,-0.587785,-0.809017,0.185000,-1.000000,0.000000,2.123806,0.850000,-0.147436,-0.997613,0.850000
3.710000,-0.968583,0.728969,-0.187381,-0.876307,0.185500,-1.000000,0.000000,-1.679149,0.855000,-0.189106,-0.999868,0.855000
3.720000,-0.982287,0.844328,0.248690,-0.929776,0.186000,-1.000000,0.000000,-0.536352,0.860000,-0.228934,-0.999327,0.860000
3.730000,-0.992115,0.929776,0.637424,-0.968583,0.186500,-1.000000,0.000000,1.333371,0.865000,-0.266574,-0.995972,0.865000
3.740000,-0.998027,0.982287,0.904827,-0.992115,0.187000,-1.000000,0.000000,-1.355070,0.870000,-0.301701,-0.989792,0.870000
3.750000,-1.000000,1.000000,1.000000,-1.000000,0.187500,-1.000000,0.000000,-1.199461,0.875000,-0.334014,-0.980785,0.875000
3.760000,-0.998027,0.982287,0.904827,-0.992115,0.188000,-1.000000,0.000000,0.517082,0.880000,-0.363237,-0.968957,0.880000
3.770000,-0.992115,0.929776,0.637424,-0.968583,0.188500,-1.000000,0.000000,1.018409,0.885000,-0.389126,-0.954322,0.885000
3.780000,-0.982287,0.844328,0.248690,-0.929776,0.189000,-1.000000,0.000000,-0.668680,0.890000,-0.411462,-0.936902,0.890000
3.790000,-0.968583,0.728969,-0.187381,-0.876307,0.189500,-1.000000,0.000000,0.540127,0.895000,-0.430062,-0.916728,0.895000
3.800000,-0.951057,0.587785,-0.587785,-0.809017,0.190000,-1.000000,0.000000,0.116955,0.900000,-0.444777,-0.893841,0.900000
3.810000,-0.929776,0.425779,-0.876307,-0.728969,0.190500,-1.000000,0.000000,1.518749,0.905000,-0.455492,-0.868289,0.905000
3.820000,-0.904827,0.248690,-0.998027,-0.637424,0.191000,-1.000000,0.000000,-0.001518,0.910000,-0.462127,-0.840128,0.910000
3.830000,-0.876307,0.062791,-0.929776,-0.535827,0.191500,-1.000000,0.000000,0.990247,0.915000,-0.464639,-0.809423,0.915000
3.840000,-0.844328,-0.125333,-0.684547,-0.425779,0.192000,-1.000000,0.000000,-0.903118,0.920000,-0.463025,-0.776249,0.920000
3.850000,-0.809017,-0.309017,-0.309017,-0.309017,0.192500,-1.000000,0.000000,-0.184879,0.925000,-0.457313,-0.740687,0.925000
3.860000,-0.770513,-0.481754,0.125333,-0.187381,0.193000,-1.000000,0.000000,-0.096704,0.930000,-0.447571,-0.702829,0.930000
3.870000,-0.728969,-0.637424,0.535827,-0.062791,0.193500,-1.000000,0.000000,1.139108,0.935000,-0.433901,-0.662772,0.935000
3.880000,-0.684547,-0.770513,0.844328,0.062791,0.194000,-1.000000,0.000000,0.579613,0.940000,-0.416441,-0.620622,0.940000
3.890000,-0.637424,-0.876307,0.992115,0.187381,0.194500,-1.000000,0.000000,-0.751753,0.945000,-0.395359,-0.576495,0.945000
3.900000,-0.587785,-0.951057,0.951057,0.309017,0.195000,-1.000000,0.000000,0.681968,0.950000,-0.370858,-0.530511,0.950000
3.910000,-0.535827,-0.992115,0.728969,0.425779,0.195500,-1.000000,0.000000,0.770631,0.955000,-0.343168,-0.482799,0.955000
3.920000,-0.481754,-0.998027,0.368125,0.535827,0.196000,-1.000000,0.000000,-0.111646,0.960000,-0.312548,-0.433496,0.960000
3.930000,-0.425779,-0.968583,-0.062791,0.637424,0.196500,-1.000000,0.000000,-0.257662,0.965000,-0.279280,-0.382741,0.965000
3.940000,-0.368125,-0.904827,-0.481754,0.728969,0.197000,-1.000000,0.000000,-0.193803,0.970000,-0.243669,-0.330686,0.970000
3.950000,-0.309017,-0.809017,-0.809017,0.809017,0.197500,-1.000000,0.000000,-1.694992,0.975000,-0.206041,-0.277482,0.975000
3.960000,-0.248690,-0.684547,-0.982287,0.876307,0.198000,-1.000000,0.000000,0.188743,0.980000,-0.166738,-0.223291,0.980000
3.970000,-0.187381,-0.535827,-0.968583,0.929776,0.198500,-1.000000,0.000000,0.234578,0.985000,-0.126113,-0.168276,0.985000
3.980000,-0.125333,-0.368125,-0.770513,0.968583,0.199000,-1.000000,0.000000,-0.865529,0.990000,-0.084533,-0.112607,0.990000
3.990000,-0.062791,-0.187381,-0.425779,0.992115,0.199500,-1.000000,0.000000,0.742446,0.995000,-0.042370,-0.056456,0.995000
4.000000,-0.000000,-0.000000,-0.000000,1.000000,0.200000,-1.000000,0.000000,-1.372967,0.000000,-0.000000,-0.000000,1.000000
4.010000,0.062791,0.187381,0.425779,0.992115,0.200500,1.000000,0.000000,-0.551813,0.005000,0.042201,0.056581,0.995000
4.020000,0.125333,0.368125,0.770513,0.968583,0.201000,1.000000,0.000000,-0.475219,0.010000,0.083860,0.113106,0.990000
4.030000,0.187381,0.535827,0.968583,0.929776,0.201500,1.000000,0.000000,1.987510,0.015000,0.124609,0.169391,0.985000
4.040000,0.248690,0.684547,0.982287,0.876307,0.202000,1.000000,0.000000,-1.599184,0.020000,0.164091,0.225250,0.980000
4.050000,0.309017,0.809017,0.809017,0.809017,0.202500,1.000000,0.000000,0.562630,0.025000,0.201961,0.280499,0.975000
4.060000,0.368125,0.904827,0.481754,0.728969,0.203000,1.000000,0.000000,0.942123,0.030000,0.237891,0.334952,0.970000
4.070000,0.425779,0.968583,0.062791,0.637424,0.203500,1.000000,0.000000,0.377726,0.035000,0.271568,0.388423,0.965000
4.080000,0.481754,0.998027,-0.368125,0.535827,0.204000,1.000000,0.000000,1.181808,0.040000,0.302705,0.440729,0.960000
4.090000,0.535827,0.992115,-0.728969,0.425779,0.204500,1.000000,0.000000,-1.002738,0.045000,0.331034,0.491688,0.955000
4.100000,0.587785,0.951057,-0.951057,0.309017,0.205000,1.000000,0.000000,-2.280259,0.050000,0.356317,0.541121,0.950000
4.110000,0.637424,0.876307,-0.992115,0.187381,0.205500,1.000000,0.000000,0.766818,0.055000,0.378341,0.588852,0.945000
4.120000,0.684547,0.770513,-0.844328,0.062791,0.206000,1.000000,0.000000,-1.195828,0.060000,0.396924,0.634709,0.940000
4.130000,0.728969,0.637424,-0.535827,-0.062791,0.206500,1.000000,0.000000,-0.326400,0.065000,0.411915,0.678524,0.935000
4.140000,0.770513,0.481754,-0.125333,-0.187381,0.207000,1.000000,0.000000,-1.178846,0.070000,0.423196,0.720135,0.930000
4.150000,0.809017,0.309017,0.309017,-0.309017,0.207500,1.000000,0.000000,1.052342,0.075000,0.430681,0.759385,0.925000
4.160000,0.844328,0.125333,0.684547,-0.425779,0.208000,1.000000,0.000000,0.865150,0.080000,0.434319,0.796125,0.920000
4.170000,0.876307,-0.062791,0.929776,-0.535827,0.208500,1.000000,0.000000,-0.720064,0.085000,0.434094,0.830211,0.915000
4.180000,0.904827,-0.248690,0.998027,-0.637424,0.209000,1.000000,0.000000,0.903492,0.090000,0.430023,0.861509,0.910000
4.190000,0.929776,-0.425779,0.876307,-0.728969,0.209500,1.000000,0.000000,0.121277,0.095000,0.422157,0.889891,0.905000
4.200000,0.951057,-0.587785,0.587785,-0.809017,0.210000,1.000000,0.000000,-0.139389,0.100000,0.410581,0.915241,0.900000
4.210000,0.968583,-0.728969,0.187381,-0.876307,0.210500,1.000000,0.000000,0.057417,0.105000,0.395413,0.937450,0.895000
4.220000,0.982287,-0.844328,-0.248690,-0.929776,0.211000,1.000000,0.000000,-0.202749,0.110000,0.376801,0.956419,0.890000
4.230000,0.992115,-0.929776,-0.637424,-0.968583,0.211500,1.000000,0.000000,0.615005,0.115000,0.354923,0.972061,0.885000
4.240000,0.998027,-0.982287,-0.904827,-0.992115,0.212000,1.000000,0.000000,0.310348,0.120000,0.329988,0.984299,0.880000
4.250000,1.000000,-1.000000,-1.000000,-1.000000,0.212500,1.000000,0.000000,-0.349467,0.125000,0.302228,0.993068,0.875000
4.260000,0.998027,-0.982287,-0.904827,-0.992115,0.213000,1.000000,0.000000,1.006256,0.130000,0.271900,0.998315,0.870000
4.270000,0.992115,-0.929776,-0.637424,-0.968583,0.213500,1.000000,0.000000,-0.611476,0.135000,0.239284,0.999998,0.865000
4.280000,0.982287,-0.844328,-0.248690,-0.929776,0.214000,1.000000,0.000000,0.286934,0.140000,0.204677,0.998089,0.860000
4.290000,0.968583,-0.728969,0.187381,-0.876307,0.214500,1.000000,0.000000,0.422155,0.145000,0.168394,0.992573,0.855000
4.300000,0.951057,-0.587785,0.587785,-0.809017,0.215000,1.000000,0.000000,1.478807,0.150000,0.130764,0.983445,0.850000
4.310000,0.929776,-0.425779,0.876307,-0.728969,0.215500,1.000000,0.000000,-0.505441,0.155000,0.092126,0.970718,0.845000
4.320000,0.904827,-0.248690,0.998027,-0.637424,0.216000,1.000000,0.000000,1.743082,0.160000,0.052825,0.954416,0.840000
4.330000,0.876307,-0.062791,0.929776,-0.535827,0.216500,1.000000,0.000000,0.176165,0.165000,0.013212,0.934575,0.835000
4.340000,0.844328,0.125333,0.684547,-0.425779,0.217000,1.000000,0.000000,-0.193977,0.170000,-0.026359,0.911248,0.830000
4.350000,0.809017,0.309017,0.309017,-0.309017,0.217500,1.000000,0.000000,-0.672473,0.175000,-0.065538,0.884500,0.825000
4.360000,0.770513,0.481754,-0.125333,-0.187381,0.218000,1.000000,0.000000,0.586293,0.180000,-0.103981,0.854408,0.820000
4.370000,0.728969,0.637424,-0.535827,-0.062791,0.218500,1.000000,0.000000,0.048935,0.185000,-0.141348,0.821066,0.815000
4.380000,0.684547,0.770513,-0.844328,0.062791,0.219000,1.000000,0.000000,-1.103609,0.190000,-0.177314,0.784577,0.810000
4.390000,0.637424,0.876307,-0.992115,0.187381,0.219500,1.000000,0.000000,-1.127887,0.195000,-0.211564,0.745062,0.805000
4.400000,0.587785,0.951057,-0.951057,0.309017,0.220000,1.000000,0.000000,-0.555519,0.200000,-0.243803,0.702650,0.800000
4.410000,0.535827,0.992115,-0.728969,0.425779,0.220500,1.000000,0.000000,-0.676006,0.205000,-0.273753,0.657486,0.795000
4.420000,0.481754,0.998027,-0.368125,0.535827,0.221000,1.000000,0.000000,1.090302,0.210000,-0.301157,0.609725,0.790000
4.430000,0.425779,0.968583,0.062791,0.637424,0.221500,1.000000,0.000000,1.375538,0.215000,-0.325782,0.559534,0.785000
4.440000,0.368125,0.904827,0.481754,0.728969,0.222000,1.000000,0.000000,0.868560,0.220000,-0.347422,0.507093,0.780000
4.450000,0.309017,0.809017,0.809017,0.809017,0.222500,1.000000,0.000000,0.357869,0.225000,-0.365897,0.452590,0.775000
4.460000,0.248690,0.684547,0.982287,0.876307,0.223000,1.000000,0.000000,-0.428238,0.230000,-0.381055,0.396225,0.770000
4.470000,0.187381,0.535827,0.968583,0.929776,0.223500,1.000000,0.000000,0.054483,0.235000,-0.392776,0.338206,0.765000
4.480000,0.125333,0.368125,0.770513,0.968583,0.224000,1.000000,0.000000,0.884707,0.240000,-0.400969,0.278750,0.760000
4.490000,0.062791,0.187381,0.425779,0.992115,0.224500,1.000000,0.000000,2.130972,0.245000,-0.405576,0.218082,0.755000
4.500000,0.000000,0.000000,-0.000000,1.000000,0.225000,1.000000,0.000000,0.912899,0.250000,-0.406570,0.156434,0.750000
4.510000,-0.062791,-0.187381,-0.425779,0.992115,0.225500,1.000000,0.000000,-0.280412,0.255000,-0.403957,0.094046,0.745000
4.520000,-0.125333,-0.368125,-0.770513,0.968583,0.226000,1.000000,0.000000,0.038025,0.260000,-0.397774,0.031160,0.740000
4.530000,-0.187381,-0.535827,-0.968583,0.929776,0.226500,1.000000,0.000000,-0.482545,0.265000,-0.388091,-0.031976,0.735000
4.540000,-0.248690,-0.684547,-0.982287,0.876307,0.227000,1.000000,0.000000,-0.782399,0.270000,-0.375007,-0.095109,0.730000
4.550000,-0.309017,-0.809017,-0.809017,0.809017,0.227500,1.000000,0.000000,-0.184242,0.275000,-0.358652,-0.157986,0.725000
4.560000,-0.368125,-0.904827,-0.481754,0.728969,0.228000,1.000000,0.000000,0.195615,0.280000,-0.339183,-0.220350,0.720000
4.570000,-0.425779,-0.968583,-0.062791,0.637424,0.228500,1.000000,0.000000,1.835902,0.285000,-0.316787,-0.281946,0.715000
4.580000,-0.481754,-0.998027,0.368125,0.535827,0.229000,1.000000,0.000000,0.052032,0.290000,-0.291672,-0.342519,0.710000
4.590000,-0.535827,-0.992115,0.728969,0.425779,0.229500,1.000000,0.000000,1.357358,0.295000,-0.264073,-0.401814,0.705000
4.600000,-0.587785,-0.951057,0.951057,0.309017,0.230000,1.000000,0.000000,1.767489,0.300000,-0.234244,-0.459580,0.700000
4.610000,-0.637424,-0.876307,0.992115,0.187381,0.230500,1.000000,0.000000,0.078808,0.305000,-0.202457,-0.515571,0.695000
4.620000,-0.684547,-0.770513,0.844328,0.062791,0.231000,1.000000,0.000000,1.607799,0.310000,-0.169004,-0.569544,0.690000
4.630000,-0.728969,-0.637424,0.535827,-0.062791,0.231500,1.000000,0.000000,0.714935,0.315000,-0.134186,-0.621263,0.685000
4.640000,-0.770513,-0.481754,0.125333,-0.187381,0.232000,1.000000,0.000000,-0.417535,0.320000,-0.098318,-0.670499,0.680000
4.650000,-0.809017,-0.309017,-0.309017,-0.309017,0.232500,1.000000,0.000000,0.265180,0.325000,-0.061722,-0.717032,0.675000
4.660000,-0.844328,-0.125333,-0.684547,-0.425779,0.233000,1.000000,0.000000,0.022878,0.330000,-0.024725,-0.760651,0.670000
4.670000,-0.876307,0.062791,-0.929776,-0.535827,0.233500,1.000000,0.000000,-0.232339,0.335000,0.012344,-0.801154,0.665000
4.680000,-0.904827,0.248690,-0.998027,-0.637424,0.234000,1.000000,0.000000,-0.198781,0.340000,0.049155,-0.838351,0.660000
4.690000,-0.929776,0.425779,-0.876307,-0.728969,0.234500,1.000000,0.000000,0.144209,0.345000,0.085383,-0.872066,0.655000
4.700000,-0.951057,0.587785,-0.587785,-0.809017,0.235000,1.000000,0.000000,0.434181,0.350000,0.120711,-0.902134,0.650000
4.710000,-0.968583,0.728969,-0.187381,-0.876307,0.235500,1.000000,0.000000,-0.884882,0.355000,0.154827,-0.928405,0.645000
4.720000,-0.982287,0.844328,0.248690,-0.929776,0.236000,1.000000,0.000000,-0.009388,0.360000,0.187435,-0.950745,0.640000
4.730000,-0.992115,0.929776,0.637424,-0.968583,0.236500,1.000000,0.000000,-1.522355,0.365000,0.218252,-0.969035,0.635000
4.740000,-0.998027,0.982287,0.904827,-0.992115,0.237000,1.000000,0.000000,0.260795,0.370000,0.247012,-0.983171,0.630000
4.750000,-1.000000,1.000000,1.000000,-1.000000,0.237500,1.000000,0.000000,0.623599,0.375000,0.273467,-0.993068,0.625000
4.760000,-0.998027,0.982287,0.904827,-0.992115,0.238000,1.000000,0.000000,0.163955,0.380000,0.297394,-0.998660,0.620000
4.770000,-0.992115,0.929776,0.637424,-0.968583,0.238500,1.000000,0.000000,0.285853,0.385000,0.318589,-0.999896,0.615000
4.780000,-0.982287,0.844328,0.248690,-0.929776,0.239000,1.000000,0.000000,0.589943,0.390000,0.336876,-0.996747,0.610000
4.790000,-0.968583,0.728969,-0.187381,-0.876307,0.239500,1.000000,0.000000,-0.665101,0.395000,0.352105,-0.989202,0.605000
4.800000,-0.951057,0.587785,-0.587785,-0.809017,0.240000,1.000000,0.000000,-0.239049,0.400000,0.364153,-0.977268,0.600000
4.810000,-0.929776,0.425779,-0.876307,-0.728969,0.240500,1.000000,0.000000,0.510922,0.405000,0.372925,-0.960974,0.595000
4.820000,-0.904827,0.248690,-0.998027,-0.637424,0.241000,1.000000,0.000000,1.001886,0.410000,0.378357,-0.940369,0.590000
4.830000,-0.876307,0.062791,-0.929776,-0.535827,0.241500,1.000000,0.000000,0.394921,0.415000,0.380415,-0.915519,0.585000
4.840000,-0.844328,-0.125333,-0.684547,-0.425779,0.242000,1.000000,0.000000,2.552859,0.420000,0.379092,-0.886514,0.580000
4.850000,-0.809017,-0.309017,-0.309017,-0.309017,0.242500,1.000000,0.000000,-0.091361,0.425000,0.374416,-0.853460,0.575000
4.860000,-0.770513,-0.481754,0.125333,-0.187381,0.243000,1.000000,0.000000,0.999660,0.430000,0.366440,-0.816484,0.570000
4.870000,-0.728969,-0.637424,0.535827,-0.062791,0.243500,1.000000,0.000000,1.266728,0.435000,0.355248,-0.775734,0.565000
4.880000,-0.684547,-0.770513,0.844328,0.062791,0.244000,1.000000,0.000000,-0.133770,0.440000,0.340953,-0.731373,0.560000
4.890000,-0.637424,-0.876307,0.992115,0.187381,0.244500,1.000000,0.000000,-0.820513,0.445000,0.323693,-0.683585,0.555000
4.900000,-0.587785,-0.951057,0.951057,0.309017,0.245000,1.000000,0.000000,-1.182603,0.450000,0.303633,-0.632570,0.550000
4.910000,-0.535827,-0.992115,0.728969,0.425779,0.245500,1.000000,0.000000,0.162277,0.455000,0.280963,-0.578547,0.545000
4.920000,-0.481754,-0.998027,0.368125,0.535827,0.246000,1.000000,0.000000,1.110292,0.460000,0.255893,-0.521748,0.540000
4.930000,-0.425779,-0.968583,-0.062791,0.637424,0.246500,1.000000,0.000000,0.271668,0.465000,0.228655,-0.462423,0.535000
4.940000,-0.368125,-0.904827,-0.481754,0.728969,0.247000,1.000000,0.000000,0.172856,0.470000,0.199499,-0.400835,0.530000
4.950000,-0.309017,-0.809017,-0.809017,0.809017,0.247500,1.000000,0.000000,-0.379214,0.475000,0.168692,-0.337260,0.525000
4.960000,-0.248690,-0.684547,-0.982287,0.876307,0.248000,1.000000,0.000000,0.561030,0.480000,0.136513,-0.271985,0.520000
4.970000,-0.187381,-0.535827,-0.968583,0.929776,0.248500,1.000000,0.000000,-2.135831,0.485000,0.103253,-0.205309,0.515000
4.980000,-0.125333,-0.368125,-0.770513,0.968583,0.249000,1.000000,0.000000,0.232373,0.490000,0.069210,-0.137541,0.510000
4.990000,-0.062791,-0.187381,-0.425779,0.992115,0.249500,1.000000,0.000000,0.028126,0.495000,0.034690,-0.068997,0.505000
5.000000,-0.000000,-0.000000,-0.000000,1.000000,0.250000,1.000000,1.000000,-1.370340,0.500000,0.000000,-0.000000,0.500000
5.010000,0.062791,0.187381,0.425779,0.992115,0.250500,-1.000000,1.000000,2.175598,0.505000,-0.034551,0.069123,0.495000
5.020000,0.125333,0.368125,0.770513,0.968583,0.251000,-1.000000,1.000000,-1.387413,0.510000,-0.068659,0.138039,0.490000
5.030000,0.187381,0.535827,0.968583,0.929776,0.251500,-1.000000,1.000000,-1.077520,0.515000,-0.102021,0.206416,0.485000
5.040000,0.248690,0.684547,0.982287,0.876307,0.252000,-1.000000,1.000000,-1.200863,0.520000,-0.134346,0.273919,0.480000
5.050000,0.309017,0.809017,0.809017,0.809017,0.252500,-1.000000,1.000000,1.110368,0.525000,-0.165352,0.340215,0.475000
5.060000,0.368125,0.904827,0.481754,0.728969,0.253000,-1.000000,1.000000,-0.888085,0.530000,-0.194768,0.404976,0.470000
5.070000,0.425779,0.968583,0.062791,0.637424,0.253500,-1.000000,1.000000,0.668656,0.535000,-0.222341,0.467874,0.465000
5.080000,0.481754,0.998027,-0.368125,0.535827,0.254000,-1.000000,1.000000,0.587510,0.540000,-0.247834,0.528592,0.460000
5.090000,0.535827,0.992115,-0.728969,0.425779,0.254500,-1.000000,1.000000,0.259670,0.545000,-0.271028,0.586819,0.455000
5.100000,0.587785,0.951057,-0.951057,0.309017,0.255000,-1.000000,1.000000,-1.307579,0.550000,-0.291727,0.642253,0.450000
5.110000,0.637424,0.876307,-0.992115,0.187381,0.255500,-1.000000,1.000000,-0.612106,0.555000,-0.309759,0.694603,0.445000
5.120000,0.684547,0.770513,-0.844328,0.062791,0.256000,-1.000000,1.000000,1.673115,0.560000,-0.324974,0.743593,0.440000
5.130000,0.728969,0.637424,-0.535827,-0.062791,0.256500,-1.000000,1.000000,-1.290754,0.565000,-0.337247,0.788960,0.435000
5.140000,0.770513,0.481754,-0.125333,-0.187381,0.257000,-1.000000,1.000000,-0.831655,0.570000,-0.346483,0.830456,0.430000
5.150000,0.809017,0.309017,0.309017,-0.309017,0.257500,-1.000000,1.000000,-0.162247,0.575000,-0.352612,0.867852,0.425000
5.160000,0.844328,0.125333,0.684547,-0.425779,0.258000,-1.000000,1.000000,0.808990,0.580000,-0.355591,0.900938,0.420000
5.170000,0.876307,-0.062791,0.929776,-0.535827,0.258500,-1.000000,1.000000,0.251639,0.585000,-0.355406,0.929522,0.415000
5.180000,0.904827,-0.248690,0.998027,-0.637424,0.259000,-1.000000,1.000000,0.742044,0.590000,-0.352073,0.953435,0.410000
5.190000,0.929776,-0.425779,0.876307,-0.728969,0.259500,-1.000000,1.000000,-1.067294,0.595000,-0.345633,0.972531,0.405000
5.200000,0.951057,-0.587785,0.587785,-0.809017,0.260000,-1.000000,1.000000,0.944777,0.600000,-0.336155,0.986686,0.400000
5.210000,0.968583,-0.728969,0.187381,-0.876307,0.260500,-1.000000,1.000000,0.569029,0.605000,-0.323737,0.995801,0.395000
5.220000,0.982287,-0.844328,-0.248690,-0.929776,0.261000,-1.000000,1.000000,-1.594565,0.610000,-0.308498,0.999803,0.390000
5.230000,0.992115,-0.929776,-0.637424,-0.968583,0.261500,-1.000000,1.000000,1.539916,0.615000,-0.290587,0.998644,0.385000
5.240000,0.998027,-0.982287,-0.904827,-0.992115,0.262000,-1.000000,1.000000,2.292398,0.620000,-0.270171,0.992303,0.380000
5.250000,1.000000,-1.000000,-1.000000,-1.000000,0.262500,-1.000000,1.000000,-0.768577,0.625000,-0.247443,0.980785,0.375000
5.260000,0.998027,-0.982287,-0.904827,-0.992115,0.263000,-1.000000,1.000000,0.055653,0.630000,-0.222613,0.964125,0.370000
5.270000,0.992115,-0.929776,-0.637424,-0.968583,0.263500,-1.000000,1.000000,1.397423,0.635000,-0.195909,0.942383,0.365000
5.280000,0.982287,-0.844328,-0.248690,-0.929776,0.264000,-1.000000,1.000000,-1.481240,0.640000,-0.167575,0.915646,0.360000
5.290000,0.968583,-0.728969,0.187381,-0.876307,0.264500,-1.000000,1.000000,-1.989860,0.645000,-0.137870,0.884030,0.355000
5.300000,0.951057,-0.587785,0.587785,-0.809017,0.265000,-1.000000,1.000000,-1.296944,0.650000,-0.107061,0.847678,0.350000
5.310000,0.929776,-0.425779,0.876307,-0.728969,0.265500,-1.000000,1.000000,-0.567067,0.655000,-0.075426,0.806758,0.345000
5.320000,0.904827,-0.248690,0.998027,-0.637424,0.266000,-1.000000,1.000000,-0.578442,0.660000,-0.043249,0.761466,0.340000
5.330000,0.876307,-0.062791,0.929776,-0.535827,0.266500,-1.000000,1.000000,0.607347,0.665000,-0.010817,0.712021,0.335000
5.340000,0.844328,0.125333,0.684547,-0.425779,0.267000,-1.000000,1.000000,0.268536,0.670000,0.021581,0.658668,0.330000
5.350000,0.809017,0.309017,0.309017,-0.309017,0.267500,-1.000000,1.000000,-1.246077,0.675000,0.053658,0.601676,0.325000
5.360000,0.770513,0.481754,-0.125333,-0.187381,0.268000,-1.000000,1.000000,0.567380,0.680000,0.085132,0.541333,0.320000
5.370000,0.728969,0.637424,-0.535827,-0.062791,0.268500,-1.000000,1.000000,1.874081,0.685000,0.115726,0.477950,0.315000
5.380000,0.684547,0.770513,-0.844328,0.062791,0.269000,-1.000000,1.000000,1.197054,0.690000,0.145172,0.411858,0.310000
5.390000,0.637424,0.876307,-0.992115,0.187381,0.269500,-1.000000,1.000000,0.991107,0.695000,0.173214,0.343404,0.305000
5.400000,0.587785,0.951057,-0.951057,0.309017,0.270000,-1.000000,1.000000,0.020178,0.700000,0.199609,0.272952,0.300000
5.410000,0.535827,0.992115,-0.728969,0.425779,0.270500,-1.000000,1.000000,0.983631,0.705000,0.224130,0.200880,0.295000
5.420000,0.481754,0.998027,-0.368125,0.535827,0.271000,-1.000000,1.000000,-0.966133,0.710000,0.246566,0.127577,0.290000
5.430000,0.425779,0.968583,0.062791,0.637424,0.271500,-1.000000,1.000000,0.751015,0.715000,0.266728,0.053444,0.285000
5.440000,0.368125,0.904827,0.481754,0.728969,0.272000,-1.000000,1.000000,-0.087248,0.720000,0.284445,-0.021110,0.280000
5.450000,0.309017,0.809017,0.809017,0.809017,0.272500,-1.000000,1.000000,1.130906,0.725000,0.299571,-0.095672,0.275000
5.460000,0.248690,0.684547,0.982287,0.876307,0.273000,-1.000000,1.000000,0.466011,0.730000,0.311982,-0.169824,0.270000
5.470000,0.187381,0.535827,0.968583,0.929776,0.273500,-1.000000,1.000000,-1.089880,0.735000,0.321578,-0.243148,0.265000
5.480000,0.125333,0.368125,0.770513,0.968583,0.274000,-1.000000,1.000000,0.127993,0.740000,0.328286,-0.315225,0.260000
5.490000,0.062791,0.187381,0.425779,0.992115,0.274500,-1.000000,1.000000,1.218221,0.745000,0.332057,-0.385642,0.255000
5.500000,0.000000,0.000000,0.000000,1.000000,0.275000,-1.000000,1.000000,-1.129234,0.750000,0.332871,-0.453990,0.250000
5.510000,-0.062791,-0.187381,-0.425779,0.992115,0.275500,-1.000000,1.000000,-0.559140,0.755000,0.330732,-0.519871,0.245000
5.520000,-0.125333,-0.368125,-0.770513,0.968583,0.276000,-1.000000,1.000000,-0.768673,0.760000,0.325670,-0.582895,0.240000
5.530000,-0.187381,-0.535827,-0.968583,0.929776,0.276500,-1.000000,1.000000,-1.495646,0.765000,0.317742,-0.642686,0.235000
5.540000,-0.248690,-0.684547,-0.982287,0.876307,0.277000,-1.000000,1.000000,0.961268,0.770000,0.307030,-0.698885,0.230000
5.550000,-0.309017,-0.809017,-0.809017,0.809017,0.277500,-1.000000,1.000000,1.310997,0.775000,0.293639,-0.751149,0.225000
5.560000,-0.368125,-0.904827,-0.481754,0.728969,0.278000,-1.000000,1.000000,0.800043,0.780000,0.277700,-0.799156,0.220000
5.570000,-0.425779,-0.968583,-0.062791,0.637424,0.278500,-1.000000,1.000000,0.242570,0.785000,0.259363,-0.842607,0.215000
5.580000,-0.481754,-0.998027,0.368125,0.535827,0.279000,-1.000000,1.000000,-0.052031,0.790000,0.238801,-0.881224,0.210000
5.590000,-0.535827,-0.992115,0.728969,0.425779,0.279500,-1.000000,1.000000,0.239380,0.795000,0.216205,-0.914760,0.205000
5.600000,-0.587785,-0.951057,0.951057,0.309017,0.280000,-1.000000,1.000000,-0.731556,0.800000,0.191782,-0.942991,0.200000
5.610000,-0.637424,-0.876307,0.992115,0.187381,0.280500,-1.000000,1.000000,0.893846,0.805000,0.165758,-0.965725,0.195000
5.620000,-0.684547,-0.770513,0.844328,0.062791,0.281000,-1.000000,1.000000,1.045492,0.810000,0.138369,-0.982802,0.190000
5.630000,-0.728969,-0.637424,0.535827,-0.062791,0.281500,-1.000000,1.000000,0.932544,0.815000,0.109862,-0.994091,0.185000
5.640000,-0.770513,-0.481754,0.125333,-0.187381,0.282000,-1.000000,1.000000,-0.530948,0.820000,0.080496,-0.999499,0.180000
5.650000,-0.809017,-0.309017,-0.309017,-0.309017,0.282500,-1.000000,1.000000,0.078404,0.825000,0.050534,-0.998963,0.175000
5.660000,-0.844328,-0.125333,-0.684547,-0.425779,0.283000,-1.000000,1.000000,-0.165781,0.830000,0.020243,-0.992457,0.170000
5.670000,-0.876307,0.062791,-0.929776,-0.535827,0.283500,-1.000000,1.000000,1.788575,0.835000,-0.010106,-0.979993,0.165000
5.680000,-0.904827,0.248690,-0.998027,-0.637424,0.284000,-1.000000,1.000000,0.179696,0.840000,-0.040245,-0.961615,0.160000
5.690000,-0.929776,0.425779,-0.876307,-0.728969,0.284500,-1.000000,1.000000,-1.882071,0.845000,-0.069906,-0.937406,0.155000
5.700000,-0.951057,0.587785,-0.587785,-0.809017,0.285000,-1.000000,1.000000,0.398506,0.850000,-0.098830,-0.907484,0.150000
5.710000,-0.968583,0.728969,-0.187381,-0.876307,0.285500,-1.000000,1.000000,1.882266,0.855000,-0.126762,-0.872004,0.145000
5.720000,-0.982287,0.844328,0.248690,-0.929776,0.286000,-1.000000,1.000000,0.685176,0.860000,-0.153459,-0.831155,0.140000
5.730000,-0.992115,0.929776,0.637424,-0.968583,0.286500,-1.000000,1.000000,0.879480,0.865000,-0.178690,-0.785161,0.135000
5.740000,-0.998027,0.982287,0.904827,-0.992115,0.287000,-1.000000,1.000000,0.036061,0.870000,-0.202236,-0.734280,0.130000
5.750000,-1.000000,1.000000,1.000000,-1.000000,0.287500,-1.000000,1.000000,-1.971389,0.875000,-0.223896,-0.678801,0.125000
5.760000,-0.998027,0.982287,0.904827,-0.992115,0.288000,-1.000000,1.000000,-1.810258,0.880000,-0.243485,-0.619045,0.120000
5.770000,-0.992115,0.929776,0.637424,-0.968583,0.288500,-1.000000,1.000000,-1.245948,0.885000,-0.260839,-0.555361,0.115000
5.780000,-0.982287,0.844328,0.248690,-0.929776,0.289000,-1.000000,1.000000,-0.126832,0.890000,-0.275811,-0.488128,0.110000
5.790000,-0.968583,0.728969,-0.187381,-0.876307,0.289500,-1.000000,1.000000,0.309998,0.895000,-0.288279,-0.417747,0.105000
5.800000,-0.951057,0.587785,-0.587785,-0.809017,0.290000,-1.000000,1.000000,0.689414,0.900000,-0.298143,-0.344643,0.100000
5.810000,-0.929776,0.425779,-0.876307,-0.728969,0.290500,-1.000000,1.000000,-0.340458,0.905000,-0.305325,-0.269263,0.095000
5.820000,-0.904827,0.248690,-0.998027,-0.637424,0.291000,-1.000000,1.000000,0.956929,0.910000,-0.309773,-0.192070,0.090000
5.830000,-0.876307,0.062791,-0.929776,-0.535827,0.291500,-1.000000,1.000000,-0.279749,0.915000,-0.311457,-0.113543,0.085000
5.840000,-0.844328,-0.125333,-0.684547,-0.425779,0.292000,-1.000000,1.000000,-0.704490,0.920000,-0.310375,-0.034174,0.080000
5.850000,-0.809017,-0.309017,-0.309017,-0.309017,0.292500,-1.000000,1.000000,0.851642,0.925000,-0.306546,0.045537,0.075000
5.860000,-0.770513,-0.481754,0.125333,-0.187381,0.293000,-1.000000,1.000000,-0.914445,0.930000,-0.300016,0.125084,0.070000
5.870000,-0.728969,-0.637424,0.535827,-0.062791,0.293500,-1.000000,1.000000,-2.729085,0.935000,-0.290853,0.203956,0.065000
5.880000,-0.684547,-0.770513,0.844328,0.062791,0.294000,-1.000000,1.000000,-1.059957,0.940000,-0.279148,0.281645,0.060000
5.890000,-0.637424,-0.876307,0.992115,0.187381,0.294500,-1.000000,1.000000,0.094160,0.945000,-0.265017,0.357644,0.055000
5.900000,-0.587785,-0.951057,0.951057,0.309017,0.295000,-1.000000,1.000000,-3.080178,0.950000,-0.248594,0.431456,0.050000
5.910000,-0.535827,-0.992115,0.728969,0.425779,0.295500,-1.000000,1.000000,-0.357138,0.955000,-0.230033,0.502591,0.045000
5.920000,-0.481754,-0.998027,0.368125,0.535827,0.296000,-1.000000,1.000000,-0.332090,0.960000,-0.209507,0.570576,0.040000
5.930000,-0.425779,-0.968583,-0.062791,0.637424,0.296500,-1.000000,1.000000,-1.426456,0.965000,-0.187207,0.634952,0.035000
5.940000,-0.368125,-0.904827,-0.481754,0.728969,0.297000,-1.000000,1.000000,-1.482503,0.970000,-0.163336,0.695281,0.030000
5.950000,-0.309017,-0.809017,-0.809017,0.809017,0.297500,-1.000000,1.000000,-0.462462,0.975000,-0.138114,0.751149,0.025000
5.960000,-0.248690,-0.684547,-0.982287,0.876307,0.298000,-1.000000,1.000000,-0.547100,0.980000,-0.111768,0.802168,0.020000
5.970000,-0.187381,-0.535827,-0.968583,0.929776,0.298500,-1.000000,1.000000,1.259919,0.985000,-0.084536,0.847978,0.015000
5.980000,-0.125333,-0.368125,-0.770513,0.968583,0.299000,-1.000000,1.000000,0.374863,0.990000,-0.056664,0.888252,0.010000
5.990000,-0.062791,-0.187381,-0.425779,0.992115,0.299500,-1.000000,1.000000,-1.580855,0.995000,-0.028402,0.922697,0.005000
6.000000,-0.000000,-0.000000,0.000000,1.000000,0.300000,-1.000000,1.000000,-0.854651,0.000000,-0.000000,0.951057,0.000000
6.010000,0.062791,0.187381,0.425779,0.992115,0.300500,1.000000,1.000000,0.705142,0.005000,0.028288,0.973113,0.005000
6.020000,0.125333,0.368125,0.770513,0.968583,0.301000,1.000000,1.000000,1.895977,0.010000,0.056213,0.988689,0.010000
6.030000,0.187381,0.535827,0.968583,0.929776,0.301500,1.000000,1.000000,0.386499,0.015000,0.083528,0.997651,0.015000
6.040000,0.248690,0.684547,0.982287,0.876307,0.302000,1.000000,1.000000,0.310713,0.020000,0.109994,0.999908,0.020000
6.050000,0.309017,0.809017,0.809017,0.809017,0.302500,1.000000,1.000000,1.860752,0.025000,0.135379,0.995413,0.025000
6.060000,0.368125,0.904827,0.481754,0.728969,0.303000,1.000000,1.000000,-0.022671,0.030000,0.159463,0.984166,0.030000
6.070000,0.425779,0.968583,0.062791,0.637424,0.303500,1.000000,1.000000,-0.309101,0.035000,0.182038,0.966213,0.035000
6.080000,0.481754,0.998027,-0.368125,0.535827,0.304000,1.000000,1.000000,-1.413249,0.040000,0.202909,0.941645,0.040000
6.090000,0.535827,0.992115,-0.728969,0.425779,0.304500,1.000000,1.000000,-0.513016,0.045000,0.221899,0.910600,0.045000
6.100000,0.587785,0.951057,-0.951057,0.309017,0.305000,1.000000,1.000000,2.178713,0.050000,0.238846,0.873262,0.050000
6.110000,0.637424,0.876307,-0.992115,0.187381,0.305500,1.000000,1.000000,-1.421741,0.055000,0.253609,0.829860,0.055000
6.120000,0.684547,0.770513,-0.844328,0.062791,0.306000,1.000000,1.000000,0.011192,0.060000,0.266066,0.780666,0.060000
6.130000,0.728969,0.637424,-0.535827,-0.062791,0.306500,1.000000,1.000000,-1.408327,0.065000,0.276115,0.725994,0.065000
6.140000,0.770513,0.481754,-0.125333,-0.187381,0.307000,1.000000,1.000000,0.128476,0.070000,0.283676,0.666199,0.070000
6.150000,0.809017,0.309017,0.309017,-0.309017,0.307500,1.000000,1.000000,0.887647,0.075000,0.288694,0.601676,0.075000
6.160000,0.844328,0.125333,0.684547,-0.425779,0.308000,1.000000,1.000000,-0.243649,0.080000,0.291133,0.532853,0.080000
6.170000,0.876307,-0.062791,0.929776,-0.535827,0.308500,1.000000,1.000000,0.730347,0.085000,0.290982,0.460194,0.085000
6.180000,0.904827,-0.248690,0.998027,-0.637424,0.309000,1.000000,1.000000,0.720844,0.090000,0.288253,0.384192,0.090000
6.190000,0.929776,-0.425779,0.876307,-0.728969,0.309500,1.000000,1.000000,0.447025,0.095000,0.282980,0.305370,0.095000
6.200000,0.951057,-0.587785,0.587785,-0.809017,0.310000,1.000000,1.000000,1.716248,0.100000,0.275221,0.224271,0.100000
6.210000,0.968583,-0.728969,0.187381,-0.876307,0.310500,1.000000,1.000000,0.778838,0.105000,0.265053,0.141461,0.105000
6.220000,0.982287,-0.844328,-0.248690,-0.929776,0.311000,1.000000,1.000000,-0.304960,0.110000,0.252577,0.057522,0.110000
6.230000,0.992115,-0.929776,-0.637424,-0.968583,0.311500,1.000000,1.000000,-0.680824,0.115000,0.237912,-0.026952,0.115000
6.240000,0.998027,-0.982287,-0.904827,-0.992115,0.312000,1.000000,1.000000,-0.845306,0.120000,0.221198,-0.111358,0.120000
6.250000,1.000000,-1.000000,-1.000000,-1.000000,0.312500,1.000000,1.000000,0.475867,0.125000,0.202589,-0.195090,0.125000
6.260000,0.998027,-0.982287,-0.904827,-0.992115,0.313000,1.000000,1.000000,-0.323722,0.130000,0.182260,-0.277543,0.130000
6.270000,0.992115,-0.929776,-0.637424,-0.968583,0.313500,1.000000,1.000000,2.729167,0.135000,0.160397,-0.358114,0.135000
6.280000,0.982287,-0.844328,-0.248690,-0.929776,0.314000,1.000000,1.000000,1.842448,0.140000,0.137199,-0.436211,0.140000
6.290000,0.968583,-0.728969,0.187381,-0.876307,0.314500,1.000000,1.000000,-0.214524,0.145000,0.112878,-0.511257,0.145000
6.300000,0.951057,-0.587785,0.587785,-0.809017,0.315000,1.000000,1.000000,-0.329131,0.150000,0.087654,-0.582690,0.150000
6.310000,0.929776,-0.425779,0.876307,-0.728969,0.315500,1.000000,1.000000,1.690177,0.155000,0.061754,-0.649973,0.155000
6.320000,0.904827,-0.248690,0.998027,-0.637424,0.316000,1.000000,1.000000,-1.883360,0.160000,0.035409,-0.712594,0.160000
6.330000,0.876307,-0.062791,0.929776,-0.535827,0.316500,1.000000,1.000000,-0.451551,0.165000,0.008856,-0.770073,0.165000
6.340000,0.844328,0.125333,0.684547,-0.425779,0.317000,1.000000,1.000000,0.950757,0.170000,-0.017669,-0.821961,0.170000
6.350000,0.809017,0.309017,0.309017,-0.309017,0.317500,1.000000,1.000000,-0.912098,0.175000,-0.043932,-0.867852,0.175000
6.360000,0.770513,0.481754,-0.125333,-0.187381,0.318000,1.000000,1.000000,-0.476830,0.180000,-0.069700,-0.907379,0.180000
6.370000,0.728969,0.637424,-0.535827,-0.062791,0.318500,1.000000,1.000000,-0.351141,0.185000,-0.094749,-0.940219,0.185000
6.380000,0.684547,0.770513,-0.844328,0.062791,0.319000,1.000000,1.000000,0.660808,0.190000,-0.118857,-0.966099,0.190000
6.390000,0.637424,0.876307,-0.992115,0.187381,0.319500,1.000000,1.000000,0.137527,0.195000,-0.141816,-0.984794,0.195000
6.400000,0.587785,0.951057,-0.951057,0.309017,0.320000,1.000000,1.000000,0.402087,0.200000,-0.163426,-0.996134,0.200000
6.410000,0.535827,0.992115,-0.728969,0.425779,0.320500,1.000000,1.000000,0.595284,0.205000,-0.183502,-0.999999,0.205000
6.420000,0.481754,0.998027,-0.368125,0.535827,0.321000,1.000000,1.000000,0.029938,0.210000,-0.201871,-0.996330,0.210000
6.430000,0.425779,0.968583,0.062791,0.637424,0.321500,1.000000,1.000000,1.110566,0.215000,-0.218378,-0.985120,0.215000
6.440000,0.368125,0.904827,0.481754,0.728969,0.322000,1.000000,1.000000,-0.728959,0.220000,-0.232884,-0.966423,0.220000
6.450000,0.309017,0.809017,0.809017,0.809017,0.322500,1.000000,1.000000,-1.436121,0.225000,-0.245268,-0.940348,0.225000
6.460000,0.248690,0.684547,0.982287,0.876307,0.323000,1.000000,1.000000,-1.776872,0.230000,-0.255429,-0.907062,0.230000
6.470000,0.187381,0.535827,0.968583,0.929776,0.323500,1.000000,1.000000,-1.621010,0.235000,-0.263286,-0.866789,0.235000
6.480000,0.125333,0.368125,0.770513,0.968583,0.324000,1.000000,1.000000,-0.550516,0.240000,-0.268777,-0.819808,0.240000
6.490000,0.062791,0.187381,0.425779,0.992115,0.324500,1.000000,1.000000,1.030047,0.245000,-0.271865,-0.766453,0.245000
6.500000,-0.000000,0.000000,0.000000,1.000000,0.325000,1.000000,1.000000,0.174167,0.250000,-0.272532,-0.707107,0.250000
6.510000,-0.062791,-0.187381,-0.425779,0.992115,0.325500,1.000000,1.000000,-0.598547,0.255000,-0.270780,-0.642204,0.255000
6.520000,-0.125333,-0.368125,-0.770513,0.968583,0.326000,1.000000,1.000000,-1.069856,0.260000,-0.266636,-0.572226,0.260000
6.530000,-0.187381,-0.535827,-0.968583,0.929776,0.326500,1.000000,1.000000,-0.528886,0.265000,-0.260145,-0.497695,0.265000
6.540000,-0.248690,-0.684547,-0.982287,0.876307,0.327000,1.000000,1.000000,-0.403666,0.270000,-0.251375,-0.419173,0.270000
6.550000,-0.309017,-0.809017,-0.809017,0.809017,0.327500,1.000000,1.000000,-0.565099,0.275000,-0.240411,-0.337260,0.275000
6.560000,-0.368125,-0.904827,-0.481754,0.728969,0.328000,1.000000,1.000000,-1.432544,0.280000,-0.227361,-0.252583,0.280000
6.570000,-0.425779,-0.968583,-0.062791,0.637424,0.328500,1.000000,1.000000,-0.475808,0.285000,-0.212349,-0.165798,0.285000
6.580000,-0.481754,-0.998027,0.368125,0.535827,0.329000,1.000000,1.000000,1.017136,0.290000,-0.195514,-0.077582,0.290000
6.590000,-0.535827,-0.992115,0.728969,0.425779,0.329500,1.000000,1.000000,-2.174609,0.295000,-0.177013,0.011372,0.295000
6.600000,-0.587785,-0.951057,0.951057,0.309017,0.330000,1.000000,1.000000,-0.240609,0.300000,-0.157018,0.100362,0.300000
6.610000,-0.637424,-0.876307,0.992115,0.187381,0.330500,1.000000,1.000000,-2.121348,0.305000,-0.135711,0.188677,0.305000
6.620000,-0.684547,-0.770513,0.844328,0.062791,0.331000,1.000000,1.000000,0.183048,0.310000,-0.113287,0.275611,0.310000
6.630000,-0.728969,-0.637424,0.535827,-0.062791,0.331500,1.000000,1.000000,-0.747489,0.315000,-0.089948,0.360459,0.315000
6.640000,-0.770513,-0.481754,0.125333,-0.187381,0.332000,1.000000,1.000000,-2.085688,0.320000,-0.065904,0.442533,0.320000
6.650000,-0.809017,-0.309017,-0.309017,-0.309017,0.332500,1.000000,1.000000,0.100702,0.325000,-0.041373,0.521159,0.325000
6.660000,-0.844328,-0.125333,-0.684547,-0.425779,0.333000,1.000000,1.000000,1.817405,0.330000,-0.016573,0.595687,0.330000
6.670000,-0.876307,0.062791,-0.929776,-0.535827,0.333500,1.000000,1.000000,0.108892,0.335000,0.008274,0.665496,0.335000
6.680000,-0.904827,0.248690,-0.998027,-0.637424,0.334000,1.000000,1.000000,1.161791,0.340000,0.032949,0.730000,0.340000
6.690000,-0.929776,0.425779,-0.876307,-0.728969,0.334500,1.000000,1.000000,-0.071504,0.345000,0.057234,0.788651,0.345000
6.700000,-0.951057,0.587785,-0.587785,-0.809017,0.335000,1.000000,1.000000,-2.157591,0.350000,0.080915,0.840945,0.350000
6.710000,-0.968583,0.728969,-0.187381,-0.876307,0.335500,1.000000,1.000000,0.490483,0.355000,0.103784,0.886427,0.355000
6.720000,-0.982287,0.844328,0.248690,-0.929776,0.336000,1.000000,1.000000,-0.418279,0.360000,0.125642,0.924695,0.360000
6.730000,-0.992115,0.929776,0.637424,-0.968583,0.336500,1.000000,1.000000,-1.462085,0.365000,0.146299,0.955404,0.365000
6.740000,-0.998027,0.982287,0.904827,-0.992115,0.337000,1.000000,1.000000,0.784837,0.370000,0.165577,0.978269,0.370000
6.750000,-1.000000,1.000000,1.000000,-1.000000,0.337500,1.000000,1.000000,0.286858,0.375000,0.183311,0.993068,0.375000
6.760000,-0.998027,0.982287,0.904827,-0.992115,0.338000,1.000000,1.000000,-0.525410,0.380000,0.199349,0.999645,0.380000
6.770000,-0.992115,0.929776,0.637424,-0.968583,0.338500,1.000000,1.000000,0.868069,0.385000,0.213557,0.997911,0.385000
6.780000,-0.982287,0.844328,0.248690,-0.929776,0.339000,1.000000,1.000000,-0.872072,0.390000,0.225815,0.987845,0.390000
6.790000,-0.968583,0.728969,-0.187381,-0.876307,0.339500,1.000000,1.000000,0.643432,0.395000,0.236023,0.969498,0.395000
6.800000,-0.951057,0.587785,-0.587785,-0.809017,0.340000,1.000000,1.000000,-0.940460,0.400000,0.244099,0.942991,0.400000
6.810000,-0.929776,0.425779,-0.876307,-0.728969,0.340500,1.000000,1.000000,0.533955,0.405000,0.249979,0.908511,0.405000
6.820000,-0.904827,0.248690,-0.998027,-0.637424,0.341000,1.000000,1.000000,-1.100748,0.410000,0.253620,0.866318,0.410000
6.830000,-0.876307,0.062791,-0.929776,-0.535827,0.341500,1.000000,1.000000,1.489188,0.415000,0.255000,0.816738,0.415000
6.840000,-0.844328,-0.125333,-0.684547,-0.425779,0.342000,1.000000,1.000000,0.254308,0.420000,0.254113,0.760161,0.420000
6.850000,-0.809017,-0.309017,-0.309017,-0.309017,0.342500,1.000000,1.000000,1.432875,0.425000,0.250978,0.697040,0.425000
6.860000,-0.770513,-0.481754,0.125333,-0.187381,0.343000,1.000000,1.000000,-0.822446,0.430000,0.245632,0.627887,0.430000
6.870000,-0.728969,-0.637424,0.535827,-0.062791,0.343500,1.000000,1.000000,-0.476102,0.435000,0.238130,0.553269,0.435000
6.880000,-0.684547,-0.770513,0.844328,0.062791,0.344000,1.000000,1.000000,0.839665,0.440000,0.228547,0.473805,0.440000
6.890000,-0.637424,-0.876307,0.992115,0.187381,0.344500,1.000000,1.000000,-2.743717,0.445000,0.216978,0.390159,0.445000
6.900000,-0.587785,-0.951057,0.951057,0.309017,0.345000,1.000000,1.000000,-1.066791,0.450000,0.203531,0.303035,0.450000
6.910000,-0.535827,-0.992115,0.728969,0.425779,0.345500,1.000000,1.000000,1.033177,0.455000,0.188335,0.213174,0.455000
6.920000,-0.481754,-0.998027,0.368125,0.535827,0.346000,1.000000,1.000000,0.465109,0.460000,0.171530,0.121343,0.460000
6.930000,-0.425779,-0.968583,-0.062791,0.637424,0.346500,1.000000,1.000000,0.978769,0.465000,0.153272,0.028333,0.465000
6.940000,-0.368125,-0.904827,-0.481754,0.728969,0.347000,1.000000,1.000000,-0.309761,0.470000,0.133728,-0.065048,0.470000
6.950000,-0.309017,-0.809017,-0.809017,0.809017,0.347500,1.000000,1.000000,0.563999,0.475000,0.113078,-0.157986,0.475000
6.960000,-0.248690,-0.684547,-0.982287,0.876307,0.348000,1.000000,1.000000,-0.730844,0.480000,0.091508,-0.249663,0.480000
6.970000,-0.187381,-0.535827,-0.968583,0.929776,0.348500,1.000000,1.000000,-1.371960,0.485000,0.069212,-0.339270,0.485000
6.980000,-0.125333,-0.368125,-0.770513,0.968583,0.349000,1.000000,1.000000,-1.694795,0.490000,0.046393,-0.426007,0.490000
6.990000,-0.062791,-0.187381,-0.425779,0.992115,0.349500,1.000000,1.000000,-0.551710,0.495000,0.023253,-0.509095,0.495000
7.000000,-0.000000,0.000000,-0.000000,1.000000,0.350000,1.000000,1.000000,-0.548941,0.500000,-0.000000,-0.587785,0.500000
7.010000,0.062791,0.187381,0.425779,0.992115,0.350500,-1.000000,1.000000,-0.629377,0.505000,-0.023160,-0.661359,0.505000
7.020000,0.125333,0.368125,0.770513,0.968583,0.351000,-1.000000,1.000000,-3.548805,0.510000,-0.046023,-0.729141,0.510000
7.030000,0.187381,0.535827,0.968583,0.929776,0.351500,-1.000000,1.000000,-1.998604,0.515000,-0.068387,-0.790501,0.515000
7.040000,0.248690,0.684547,0.982287,0.876307,0.352000,-1.000000,1.000000,-0.532632,0.520000,-0.090055,-0.844866,0.520000
7.050000,0.309017,0.809017,0.809017,0.809017,0.352500,-1.000000,1.000000,0.287017,0.525000,-0.110839,-0.891719,0.525000
7.060000,0.368125,0.904827,0.481754,0.728969,0.353000,-1.000000,1.000000,-0.578793,0.530000,-0.130557,-0.930607,0.530000
7.070000,0.425779,0.968583,0.062791,0.637424,0.353500,-1.000000,1.000000,-0.876897,0.535000,-0.149040,-0.961148,0.535000
7.080000,0.481754,0.998027,-0.368125,0.535827,0.354000,-1.000000,1.000000,-2.308473,0.540000,-0.166128,-0.983033,0.540000
7.090000,0.535827,0.992115,-0.728969,0.425779,0.354500,-1.000000,1.000000,2.021499,0.545000,-0.181675,-0.996028,0.545000
7.100000,0.587785,0.951057,-0.951057,0.309017,0.355000,-1.000000,1.000000,-1.101111,0.550000,-0.195551,-0.999980,0.550000
7.110000,0.637424,0.876307,-0.992115,0.187381,0.355500,-1.000000,1.000000,1.683397,0.555000,-0.207638,-0.994818,0.555000
7.120000,0.684547,0.770513,-0.844328,0.062791,0.356000,-1.000000,1.000000,1.560686,0.560000,-0.217836,-0.980552,0.560000
7.130000,0.728969,0.637424,-0.535827,-0.062791,0.356500,-1.000000,1.000000,0.273929,0.565000,-0.226064,-0.957277,0.565000
7.140000,0.770513,0.481754,-0.125333,-0.187381,0.357000,-1.000000,1.000000,-0.572609,0.570000,-0.232255,-0.925173,0.570000
7.150000,0.809017,0.309017,0.309017,-0.309017,0.357500,-1.000000,1.000000,0.132216,0.575000,-0.236363,-0.884500,0.575000
7.160000,0.844328,0.125333,0.684547,-0.425779,0.358000,-1.000000,1.000000,-1.153042,0.580000,-0.238360,-0.835600,0.580000
7.170000,0.876307,-0.062791,0.929776,-0.535827,0.358500,-1.000000,1.000000,0.260730,0.585000,-0.238236,-0.778896,0.585000
7.180000,0.904827,-0.248690,0.998027,-0.637424,0.359000,-1.000000,1.000000,0.002952,0.590000,-0.236002,-0.714883,0.590000
7.190000,0.929776,-0.425779,0.876307,-0.728969,0.359500,-1.000000,1.000000,0.531968,0.595000,-0.231685,-0.644129,0.595000
7.200000,0.951057,-0.587785,0.587785,-0.809017,0.360000,-1.000000,1.000000,0.950437,0.600000,-0.225332,-0.567269,0.600000
7.210000,0.968583,-0.728969,0.187381,-0.876307,0.360500,-1.000000,1.000000,1.732838,0.605000,-0.217007,-0.484999,0.605000
7.220000,0.982287,-0.844328,-0.248690,-0.929776,0.361000,-1.000000,1.000000,-0.388316,0.610000,-0.206793,-0.398070,0.610000
7.230000,0.992115,-0.929776,-0.637424,-0.968583,0.361500,-1.000000,1.000000,1.043388,0.615000,-0.194786,-0.307284,0.615000
7.240000,0.998027,-0.982287,-0.904827,-0.992115,0.362000,-1.000000,1.000000,-0.791670,0.620000,-0.181101,-0.213481,0.620000
7.250000,1.000000,-1.000000,-1.000000,-1.000000,0.362500,-1.000000,1.000000,-0.894565,0.625000,-0.165866,-0.117537,0.625000
7.260000,0.998027,-0.982287,-0.904827,-0.992115,0.363000,-1.000000,1.000000,-0.618056,0.630000,-0.149222,-0.020356,0.630000
7.270000,0.992115,-0.929776,-0.637424,-0.968583,0.363500,-1.000000,1.000000,-0.981966,0.635000,-0.131322,0.077144,0.635000
7.280000,0.982287,-0.844328,-0.248690,-0.929776,0.364000,-1.000000,1.000000,0.980264,0.640000,-0.112329,0.174033,0.640000
7.290000,0.968583,-0.728969,0.187381,-0.876307,0.364500,-1.000000,1.000000,0.923241,0.645000,-0.092417,0.269384,0.645000
7.300000,0.951057,-0.587785,0.587785,-0.809017,0.365000,-1.000000,1.000000,1.272312,0.650000,-0.071765,0.362275,0.650000
7.310000,0.929776,-0.425779,0.876307,-0.728969,0.365500,-1.000000,1.000000,-0.025300,0.655000,-0.050560,0.451806,0.655000
7.320000,0.904827,-0.248690,0.998027,-0.637424,0.366000,-1.000000,1.000000,0.274382,0.660000,-0.028991,0.537099,0.660000
7.330000,0.876307,-0.062791,0.929776,-0.535827,0.366500,-1.000000,1.000000,-0.578427,0.665000,-0.007251,0.617316,0.665000
7.340000,0.844328,0.125333,0.684547,-0.425779,0.367000,-1.000000,1.000000,-1.150961,0.670000,0.014466,0.691659,0.670000
7.350000,0.809017,0.309017,0.309017,-0.309017,0.367500,-1.000000,1.000000,0.447018,0.675000,0.035968,0.759385,0.675000
7.360000,0.770513,0.481754,-0.125333,-0.187381,0.368000,-1.000000,1.000000,0.268373,0.680000,0.057066,0.819808,0.680000
7.370000,0.728969,0.637424,-0.535827,-0.062791,0.368500,-1.000000,1.000000,-1.107013,0.685000,0.077574,0.872312,0.685000
7.380000,0.684547,0.770513,-0.844328,0.062791,0.369000,-1.000000,1.000000,0.585332,0.690000,0.097312,0.916352,0.690000
7.390000,0.637424,0.876307,-0.992115,0.187381,0.369500,-1.000000,1.000000,-1.741727,0.695000,0.116109,0.951463,0.695000
7.400000,0.587785,0.951057,-0.951057,0.309017,0.370000,-1.000000,1.000000,-0.178998,0.700000,0.133802,0.977268,0.700000
7.410000,0.535827,0.992115,-0.728969,0.425779,0.370500,-1.000000,1.000000,-0.630314,0.705000,0.150239,0.993476,0.705000
7.420000,0.481754,0.998027,-0.368125,0.535827,0.371000,-1.000000,1.000000,-0.529276,0.710000,0.165278,0.999890,0.710000
7.430000,0.425779,0.968583,0.062791,0.637424,0.371500,-1.000000,1.000000,-1.083458,0.715000,0.178793,0.996410,0.715000
7.440000,0.368125,0.904827,0.481754,0.728969,0.372000,-1.000000,1.000000,0.952494,0.720000,0.190669,0.983033,0.720000
7.450000,0.309017,0.809017,0.809017,0.809017,0.372500,-1.000000,1.000000,0.565948,0.725000,0.200809,0.959854,0.725000
7.460000,0.248690,0.684547,0.982287,0.876307,0.373000,-1.000000,1.000000,1.183420,0.730000,0.209128,0.927069,0.730000
7.470000,0.187381,0.535827,0.968583,0.929776,0.373500,-1.000000,1.000000,0.130497,0.735000,0.215560,0.884968,0.735000
7.480000,0.125333,0.368125,0.770513,0.968583,0.374000,-1.000000,1.000000,-1.298054,0.740000,0.220056,0.833940,0.740000
7.490000,0.062791,0.187381,0.425779,0.992115,0.374500,-1.000000,1.000000,-0.379002,0.745000,0.222585,0.774463,0.745000
7.500000,0.000000,0.000000,-0.000000,1.000000,0.375000,-1.000000,1.000000,-1.191518,0.750000,0.223130,0.707107,0.750000
7.510000,-0.062791,-0.187381,-0.425779,0.992115,0.375500,-1.000000,1.000000,0.446795,0.755000,0.221696,0.632521,0.755000
7.520000,-0.125333,-0.368125,-0.770513,0.968583,0.376000,-1.000000,1.000000,1.198706,0.760000,0.218303,0.551436,0.760000
7.530000,-0.187381,-0.535827,-0.968583,0.929776,0.376500,-1.000000,1.000000,0.316090,0.765000,0.212989,0.464650,0.765000
7.540000,-0.248690,-0.684547,-0.982287,0.876307,0.377000,-1.000000,1.000000,-0.612521,0.770000,0.205808,0.373027,0.770000
7.550000,-0.309017,-0.809017,-0.809017,0.809017,0.377500,-1.000000,1.000000,-0.383327,0.775000,0.196832,0.277482,0.775000
7.560000,-0.368125,-0.904827,-0.481754,0.728969,0.378000,-1.000000,1.000000,0.190450,0.780000,0.186148,0.178981,0.780000
7.570000,-0.425779,-0.968583,-0.062791,0.637424,0.378500,-1.000000,1.000000,-1.460357,0.785000,0.173856,0.078522,0.785000
7.580000,-0.481754,-0.998027,0.368125,0.535827,0.379000,-1.000000,1.000000,0.134602,0.790000,0.160073,-0.022869,0.790000
7.590000,-0.535827,-0.992115,0.728969,0.425779,0.379500,-1.000000,1.000000,0.183498,0.795000,0.144926,-0.124149,0.795000
7.600000,-0.587785,-0.951057,0.951057,0.309017,0.380000,-1.000000,1.000000,-0.560243,0.800000,0.128556,-0.224271,0.800000
7.610000,-0.637424,-0.876307,0.992115,0.187381,0.380500,-1.000000,1.000000,-0.434035,0.805000,0.111111,-0.322193,0.805000
7.620000,-0.684547,-0.770513,0.844328,0.062791,0.381000,-1.000000,1.000000,0.153845,0.810000,0.092751,-0.416890,0.810000
7.630000,-0.728969,-0.637424,0.535827,-0.062791,0.381500,-1.000000,1.000000,-0.838289,0.815000,0.073643,-0.507364,0.815000
7.640000,-0.770513,-0.481754,0.125333,-0.187381,0.382000,-1.000000,1.000000,-0.840463,0.820000,0.053958,-0.592654,0.820000
7.650000,-0.809017,-0.309017,-0.309017,-0.309017,0.382500,-1.000000,1.000000,0.759971,0.825000,0.033874,-0.671850,0.825000
7.660000,-0.844328,-0.125333,-0.684547,-0.425779,0.383000,-1.000000,1.000000,0.203371,0.830000,0.013569,-0.744097,0.830000
7.670000,-0.876307,0.062791,-0.929776,-0.535827,0.383500,-1.000000,1.000000,1.658664,0.835000,-0.006774,-0.808611,0.835000
7.680000,-0.904827,0.248690,-0.998027,-0.637424,0.384000,-1.000000,1.000000,-1.007978,0.840000,-0.026977,-0.864682,0.840000
7.690000,-0.929776,0.425779,-0.876307,-0.728969,0.384500,-1.000000,1.000000,-1.800966,0.845000,-0.046859,-0.911687,0.845000
7.700000,-0.951057,0.587785,-0.587785,-0.809017,0.385000,-1.000000,1.000000,0.918779,0.850000,-0.066247,-0.949096,0.850000
7.710000,-0.968583,0.728969,-0.187381,-0.876307,0.385500,-1.000000,1.000000,0.934144,0.855000,-0.084971,-0.976475,0.855000
7.720000,-0.982287,0.844328,0.248690,-0.929776,0.386000,-1.000000,1.000000,-0.762183,0.860000,-0.102867,-0.993497,0.860000
7.730000,-0.992115,0.929776,0.637424,-0.968583,0.386500,-1.000000,1.000000,-1.492857,0.865000,-0.119779,-0.999942,0.865000
7.740000,-0.998027,0.982287,0.904827,-0.992115,0.387000,-1.000000,1.000000,-0.072191,0.870000,-0.135563,-0.995703,0.870000
7.750000,-1.000000,1.000000,1.000000,-1.000000,0.387500,-1.000000,1.000000,-1.777905,0.875000,-0.150082,-0.980785,0.875000
7.760000,-0.998027,0.982287,0.904827,-0.992115,0.388000,-1.000000,1.000000,-0.368965,0.880000,-0.163213,-0.955311,0.880000
7.770000,-0.992115,0.929776,0.637424,-0.968583,0.388500,-1.000000,1.000000,-2.210912,0.885000,-0.174845,-0.919517,0.885000
7.780000,-0.982287,0.844328,0.248690,-0.929776,0.389000,-1.000000,1.000000,-0.267946,0.890000,-0.184882,-0.873752,0.890000
7.790000,-0.968583,0.728969,-0.187381,-0.876307,0.389500,-1.000000,1.000000,-2.151350,0.895000,-0.193239,-0.818475,0.895000
7.800000,-0.951057,0.587785,-0.587785,-0.809017,0.390000,-1.000000,1.000000,-0.268840,0.900000,-0.199851,-0.754251,0.900000
7.810000,-0.929776,0.425779,-0.876307,-0.728969,0.390500,-1.000000,1.000000,1.484511,0.905000,-0.204666,-0.681748,0.905000
7.820000,-0.904827,0.248690,-0.998027,-0.637424,0.391000,-1.000000,1.000000,-0.300695,0.910000,-0.207647,-0.601726,0.910000
7.830000,-0.876307,0.062791,-0.929776,-0.535827,0.391500,-1.000000,1.000000,0.735239,0.915000,-0.208776,-0.515032,0.915000
7.840000,-0.844328,-0.125333,-0.684547,-0.425779,0.392000,-1.000000,1.000000,-0.677077,0.920000,-0.208050,-0.422593,0.920000
7.850000,-0.809017,-0.309017,-0.309017,-0.309017,0.392500,-1.000000,1.000000,-0.928483,0.925000,-0.205484,-0.325403,0.925000
7.860000,-0.770513,-0.481754,0.125333,-0.187381,0.393000,-1.000000,1.000000,-1.535078,0.930000,-0.201106,-0.224516,0.930000
7.870000,-0.728969,-0.637424,0.535827,-0.062791,0.393500,-1.000000,1.000000,1.002308,0.935000,-0.194964,-0.121031,0.935000
7.880000,-0.684547,-0.770513,0.844328,0.062791,0.394000,-1.000000,1.000000,-0.096980,0.940000,-0.187119,-0.016084,0.940000
7.890000,-0.637424,-0.876307,0.992115,0.187381,0.394500,-1.000000,1.000000,1.582318,0.945000,-0.177646,0.089165,0.945000
7.900000,-0.587785,-0.951057,0.951057,0.309017,0.395000,-1.000000,1.000000,-1.219819,0.950000,-0.166637,0.193549,0.950000
7.910000,-0.535827,-0.992115,0.728969,0.425779,0.395500,-1.000000,1.000000,-0.265092,0.955000,-0.154196,0.295901,0.955000
7.920000,-0.481754,-0.998027,0.368125,0.535827,0.396000,-1.000000,1.000000,0.036187,0.960000,-0.140437,0.395071,0.960000
7.930000,-0.425779,-0.968583,-0.062791,0.637424,0.396500,-1.000000,1.000000,1.368172,0.965000,-0.125488,0.489936,0.965000
7.940000,-0.368125,-0.904827,-0.481754,0.728969,0.397000,-1.000000,1.000000,1.776935,0.970000,-0.109488,0.579418,0.970000
7.950000,-0.309017,-0.809017,-0.809017,0.809017,0.397500,-1.000000,1.000000,-0.694593,0.975000,-0.092580,0.662489,0.975000
7.960000,-0.248690,-0.684547,-0.982287,0.876307,0.398000,-1.000000,1.000000,-1.180284,0.980000,-0.074920,0.738192,0.980000
7.970000,-0.187381,-0.535827,-0.968583,0.929776,0.398500,-1.000000,1.000000,-1.783845,0.985000,-0.056666,0.805643,0.985000
7.980000,-0.125333,-0.368125,-0.770513,0.968583,0.399000,-1.000000,1.000000,1.288723,0.990000,-0.037983,0.864050,0.990000
7.990000,-0.062791,-0.187381,-0.425779,0.992115,0.399500,-1.000000,1.000000,-0.135994,0.995000,-0.019038,0.912717,0.995000
8.000000,-0.000000,-0.000000,-0.000000,1.000000,0.400000,-1.000000,1.000000,-0.697477,0.000000,-0.000000,0.951057,1.000000
8.010000,0.062791,0.187381,0.425779,0.992115,0.400500,1.000000,1.000000,-0.101440,0.005000,0.018962,0.978594,0.995000
8.020000,0.125333,0.368125,0.770513,0.968583,0.401000,1.000000,1.000000,-2.608908,0.010000,0.037681,0.994976,0.990000
8.030000,0.187381,0.535827,0.968583,0.929776,0.401500,1.000000,1.000000,-1.776633,0.015000,0.055990,0.999977,0.985000
8.040000,0.248690,0.684547,0.982287,0.876307,0.402000,1.000000,1.000000,0.883802,0.020000,0.073731,0.993497,0.980000
8.050000,0.309017,0.809017,0.809017,0.809017,0.402500,1.000000,1.000000,0.344033,0.025000,0.090747,0.975573,0.975000
8.060000,0.368125,0.904827,0.481754,0.728969,0.403000,1.000000,1.000000,0.098079,0.030000,0.106891,0.946370,0.970000
8.070000,0.425779,0.968583,0.062791,0.637424,0.403500,1.000000,1.000000,-1.053687,0.035000,0.122023,0.906187,0.965000
8.080000,0.481754,0.998027,-0.368125,0.535827,0.404000,1.000000,1.000000,0.535345,0.040000,0.136014,0.855451,0.960000
8.090000,0.535827,0.992115,-0.728969,0.425779,0.404500,1.000000,1.000000,1.725905,0.045000,0.148743,0.794716,0.955000
8.100000,0.587785,0.951057,-0.951057,0.309017,0.405000,1.000000,1.000000,-1.277268,0.050000,0.160103,0.724653,0.950000
8.110000,0.637424,0.876307,-0.992115,0.187381,0.405500,1.000000,1.000000,-0.038163,0.055000,0.169999,0.646049,0.945000
8.120000,0.684547,0.770513,-0.844328,0.062791,0.406000,1.000000,1.000000,-0.488184,0.060000,0.178349,0.559795,0.940000
8.130000,0.728969,0.637424,-0.535827,-0.062791,0.406500,1.000000,1.000000,0.307612,0.065000,0.185085,0.466874,0.935000
8.140000,0.770513,0.481754,-0.125333,-0.187381,0.407000,1.000000,1.000000,-0.039425,0.070000,0.190154,0.368358,0.930000
8.150000,0.809017,0.309017,0.309017,-0.309017,0.407500,1.000000,1.000000,-0.200620,0.075000,0.193517,0.265388,0.925000
8.160000,0.844328,0.125333,0.684547,-0.425779,0.408000,1.000000,1.000000,-0.935815,0.080000,0.195152,0.159164,0.920000
8.170000,0.876307,-0.062791,0.929776,-0.535827,0.408500,1.000000,1.000000,-0.069585,0.085000,0.195051,0.050935,0.915000
8.180000,0.904827,-0.248690,0.998027,-0.637424,0.409000,1.000000,1.000000,-0.668291,0.090000,0.193222,-0.058024,0.910000
8.190000,0.929776,-0.425779,0.876307,-0.728969,0.409500,1.000000,1.000000,-0.200397,0.095000,0.189687,-0.166418,0.905000
8.200000,0.951057,-0.587785,0.587785,-0.809017,0.410000,1.000000,1.000000,-0.117514,0.100000,0.184486,-0.272952,0.900000
8.210000,0.968583,-0.728969,0.187381,-0.876307,0.410500,1.000000,1.000000,0.600296,0.105000,0.177670,-0.376347,0.895000
8.220000,0.982287,-0.844328,-0.248690,-0.929776,0.411000,1.000000,1.000000,-0.636317,0.110000,0.169307,-0.475354,0.890000
8.230000,0.992115,-0.929776,-0.637424,-0.968583,0.411500,1.000000,1.000000,-0.377420,0.115000,0.159477,-0.568769,0.885000
8.240000,0.998027,-0.982287,-0.904827,-0.992115,0.412000,1.000000,1.000000,1.017967,0.120000,0.148273,-0.655448,0.880000
8.250000,1.000000,-1.000000,-1.000000,-1.000000,0.412500,1.000000,1.000000,-0.272327,0.125000,0.135800,-0.734323,0.875000
8.260000,0.998027,-0.982287,-0.904827,-0.992115,0.413000,1.000000,1.000000,-0.315964,0.130000,0.122173,-0.804413,0.870000
8.270000,0.992115,-0.929776,-0.637424,-0.968583,0.413500,1.000000,1.000000,0.810270,0.135000,0.107517,-0.864840,0.865000
8.280000,0.982287,-0.844328,-0.248690,-0.929776,0.414000,1.000000,1.000000,0.218526,0.140000,0.091967,-0.914836,0.860000
8.290000,0.968583,-0.728969,0.187381,-0.876307,0.414500,1.000000,1.000000,0.037243,0.145000,0.075664,-0.953757,0.855000
8.300000,0.951057,-0.587785,0.587785,-0.809017,0.415000,1.000000,1.000000,0.166195,0.150000,0.058756,-0.981091,0.850000
8.310000,0.929776,-0.425779,0.876307,-0.728969,0.415500,1.000000,1.000000,-1.293020,0.155000,0.041395,-0.996463,0.845000
8.320000,0.904827,-0.248690,0.998027,-0.637424,0.416000,1.000000,1.000000,0.408204,0.160000,0.023736,-0.999645,0.840000
8.330000,0.876307,-0.062791,0.929776,-0.535827,0.416500,1.000000,1.000000,1.273798,0.165000,0.005937,-0.990556,0.835000
8.340000,0.844328,0.125333,0.684547,-0.425779,0.417000,1.000000,1.000000,0.529916,0.170000,-0.011844,-0.969267,0.830000
8.350000,0.809017,0.309017,0.309017,-0.309017,0.417500,1.000000,1.000000,-1.606177,0.175000,-0.029448,-0.935998,0.825000
8.360000,0.770513,0.481754,-0.125333,-0.187381,0.418000,1.000000,1.000000,0.235260,0.180000,-0.046722,-0.891121,0.820000
8.370000,0.728969,0.637424,-0.535827,-0.062791,0.418500,1.000000,1.000000,-0.952725,0.185000,-0.063512,-0.835151,0.815000
8.380000,0.684547,0.770513,-0.844328,0.062791,0.419000,1.000000,1.000000,-0.273340,0.190000,-0.079672,-0.768748,0.810000
8.390000,0.637424,0.876307,-0.992115,0.187381,0.419500,1.000000,1.000000,0.083910,0.195000,-0.095062,-0.692702,0.805000
8.400000,0.587785,0.951057,-0.951057,0.309017,0.420000,1.000000,1.000000,-1.237031,0.200000,-0.109548,-0.607930,0.800000
8.410000,0.535827,0.992115,-0.728969,0.425779,0.420500,1.000000,1.000000,1.292105,0.205000,-0.123005,-0.515463,0.795000
8.420000,0.481754,0.998027,-0.368125,0.535827,0.421000,1.000000,1.000000,-0.111662,0.210000,-0.135318,-0.416433,0.790000
8.430000,0.425779,0.968583,0.062791,0.637424,0.421500,1.000000,1.000000,0.750406,0.215000,-0.146383,-0.312063,0.785000
8.440000,0.368125,0.904827,0.481754,0.728969,0.422000,1.000000,1.000000,0.593480,0.220000,-0.156107,-0.203649,0.780000
8.450000,0.309017,0.809017,0.809017,0.809017,0.422500,1.000000,1.000000,1.303357,0.225000,-0.164408,-0.092544,0.775000
8.460000,0.248690,0.684547,0.982287,0.876307,0.423000,1.000000,1.000000,1.151768,0.230000,-0.171219,0.019854,0.770000
8.470000,0.187381,0.535827,0.968583,0.929776,0.423500,1.000000,1.000000,-1.513160,0.235000,-0.176486,0.132125,0.765000
8.480000,0.125333,0.368125,0.770513,0.968583,0.424000,1.000000,1.000000,0.004811,0.240000,-0.180167,0.242843,0.760000
8.490000,0.062791,0.187381,0.425779,0.992115,0.424500,1.000000,1.000000,-2.172406,0.245000,-0.182237,0.350593,0.755000
8.500000,-0.000000,0.000000,0.000000,1.000000,0.425000,1.000000,1.000000,-0.483777,0.250000,-0.182684,0.453990,0.750000
8.510000,-0.062791,-0.187381,-0.425779,0.992115,0.425500,1.000000,1.000000,0.678423,0.255000,-0.181509,0.551698,0.745000
8.520000,-0.125333,-0.368125,-0.770513,0.968583,0.426000,1.000000,1.000000,0.878297,0.260000,-0.178731,0.642445,0.740000
8.530000,-0.187381,-0.535827,-0.968583,0.929776,0.426500,1.000000,1.000000,1.253826,0.265000,-0.174380,0.725043,0.735000
8.540000,-0.248690,-0.684547,-0.982287,0.876307,0.427000,1.000000,1.000000,-0.411778,0.270000,-0.168501,0.798400,0.730000
8.550000,-0.309017,-0.809017,-0.809017,0.809017,0.427500,1.000000,1.000000,0.285964,0.275000,-0.161153,0.861541,0.725000
8.560000,-0.368125,-0.904827,-0.481754,0.728969,0.428000,1.000000,1.000000,0.063674,0.280000,-0.152405,0.913614,0.720000
8.570000,-0.425779,-0.968583,-0.062791,0.637424,0.428500,1.000000,1.000000,1.233687,0.285000,-0.142342,0.953908,0.715000
8.580000,-0.481754,-0.998027,0.368125,0.535827,0.429000,1.000000,1.000000,1.555300,0.290000,-0.131057,0.981861,0.710000
8.590000,-0.535827,-0.992115,0.728969,0.425779,0.429500,1.000000,1.000000,-0.391533,0.295000,-0.118656,0.997068,0.705000
8.600000,-0.587785,-0.951057,0.951057,0.309017,0.430000,1.000000,1.000000,3.751635,0.300000,-0.105252,0.999289,0.700000
8.610000,-0.637424,-0.876307,0.992115,0.187381,0.430500,1.000000,1.000000,-0.036041,0.305000,-0.090970,0.988453,0.695000
8.620000,-0.684547,-0.770513,0.844328,0.062791,0.431000,1.000000,1.000000,-0.398888,0.310000,-0.075938,0.964657,0.690000
8.630000,-0.728969,-0.637424,0.535827,-0.062791,0.431500,1.000000,1.000000,0.567840,0.315000,-0.060294,0.928172,0.685000
8.640000,-0.770513,-0.481754,0.125333,-0.187381,0.432000,1.000000,1.000000,0.727192,0.320000,-0.044177,0.879436,0.680000
8.650000,-0.809017,-0.309017,-0.309017,-0.309017,0.432500,1.000000,1.000000,0.515614,0.325000,-0.027733,0.819052,0.675000
8.660000,-0.844328,-0.125333,-0.684547,-0.425779,0.433000,1.000000,1.000000,-0.679677,0.330000,-0.011110,0.747780,0.670000
8.670000,-0.876307,0.062791,-0.929776,-0.535827,0.433500,1.000000,1.000000,1.443801,0.335000,0.005546,0.666527,0.665000
8.680000,-0.904827,0.248690,-0.998027,-0.637424,0.434000,1.000000,1.000000,0.025824,0.340000,0.022087,0.576341,0.660000
8.690000,-0.929776,0.425779,-0.876307,-0.728969,0.434500,1.000000,1.000000,1.510470,0.345000,0.038365,0.478391,0.655000
8.700000,-0.951057,0.587785,-0.587785,-0.809017,0.435000,1.000000,1.000000,1.366562,0.350000,0.054239,0.373959,0.650000
8.710000,-0.968583,0.728969,-0.187381,-0.876307,0.435500,1.000000,1.000000,-1.298855,0.355000,0.069568,0.264418,0.645000
8.720000,-0.982287,0.844328,0.248690,-0.929776,0.436000,1.000000,1.000000,-1.004313,0.360000,0.084220,0.151219,0.640000
8.730000,-0.992115,0.929776,0.637424,-0.968583,0.436500,1.000000,1.000000,-1.024233,0.365000,0.098067,0.035869,0.635000
8.740000,-0.998027,0.982287,0.904827,-0.992115,0.437000,1.000000,1.000000,0.227078,0.370000,0.110989,-0.080088,0.630000
8.750000,-1.000000,1.000000,1.000000,-1.000000,0.437500,1.000000,1.000000,0.032114,0.375000,0.122877,-0.195090,0.625000
8.760000,-0.998027,0.982287,0.904827,-0.992115,0.438000,1.000000,1.000000,0.247575,0.380000,0.133628,-0.307582,0.620000
8.770000,-0.992115,0.929776,0.637424,-0.968583,0.438500,1.000000,1.000000,-0.832711,0.385000,0.143151,-0.416033,0.615000
8.780000,-0.982287,0.844328,0.248690,-0.929776,0.439000,1.000000,1.000000,0.407147,0.390000,0.151368,-0.518958,0.610000
8.790000,-0.968583,0.728969,-0.187381,-0.876307,0.439500,1.000000,1.000000,1.385105,0.395000,0.158211,-0.614941,0.605000
8.800000,-0.951057,0.587785,-0.587785,-0.809017,0.440000,1.000000,1.000000,-1.353595,0.400000,0.163624,-0.702650,0.600000
8.810000,-0.929776,0.425779,-0.876307,-0.728969,0.440500,1.000000,1.000000,-0.213795,0.405000,0.167566,-0.780862,0.595000
8.820000,-0.904827,0.248690,-0.998027,-0.637424,0.441000,1.000000,1.000000,0.231006,0.410000,0.170007,-0.848477,0.590000
8.830000,-0.876307,0.062791,-0.929776,-0.535827,0.441500,1.000000,1.000000,-0.147051,0.415000,0.170931,-0.904533,0.585000
8.840000,-0.844328,-0.125333,-0.684547,-0.425779,0.442000,1.000000,1.000000,-0.214127,0.420000,0.170337,-0.948222,0.580000
8.850000,-0.809017,-0.309017,-0.309017,-0.309017,0.442500,1.000000,1.000000,1.752264,0.425000,0.168236,-0.978903,0.575000
8.860000,-0.770513,-0.481754,0.125333,-0.187381,0.443000,1.000000,1.000000,1.267068,0.430000,0.164652,-0.996111,0.570000
8.870000,-0.728969,-0.637424,0.535827,-0.062791,0.443500,1.000000,1.000000,0.833395,0.435000,0.159623,-0.999566,0.565000
8.880000,-0.684547,-0.770513,0.844328,0.062791,0.444000,1.000000,1.000000,-0.777200,0.440000,0.153200,-0.989174,0.560000
8.890000,-0.637424,-0.876307,0.992115,0.187381,0.444500,1.000000,1.000000,2.225607,0.445000,0.145445,-0.965037,0.555000
8.900000,-0.587785,-0.951057,0.951057,0.309017,0.445000,1.000000,1.000000,0.345903,0.450000,0.136431,-0.927445,0.550000
8.910000,-0.535827,-0.992115,0.728969,0.425779,0.445500,1.000000,1.000000,-0.592976,0.455000,0.126245,-0.876881,0.545000
8.920000,-0.481754,-0.998027,0.368125,0.535827,0.446000,1.000000,1.000000,-0.352377,0.460000,0.114980,-0.814010,0.540000
8.930000,-0.425779,-0.968583,-0.062791,0.637424,0.446500,1.000000,1.000000,-0.504329,0.465000,0.102741,-0.739673,0.535000
8.940000,-0.368125,-0.904827,-0.481754,0.728969,0.447000,1.000000,1.000000,2.106537,0.470000,0.089641,-0.654878,0.530000
8.950000,-0.309017,-0.809017,-0.809017,0.809017,0.447500,1.000000,1.000000,0.191187,0.475000,0.075798,-0.560784,0.525000
8.960000,-0.248690,-0.684547,-0.982287,0.876307,0.448000,1.000000,1.000000,0.049320,0.480000,0.061339,-0.458687,0.520000
8.970000,-0.187381,-0.535827,-0.968583,0.929776,0.448500,1.000000,1.000000,-2.166612,0.485000,0.046394,-0.350005,0.515000
8.980000,-0.125333,-0.368125,-0.770513,0.968583,0.449000,1.000000,1.000000,0.723810,0.490000,0.031098,-0.236255,0.510000
8.990000,-0.062791,-0.187381,-0.425779,0.992115,0.449500,1.000000,1.000000,-1.071496,0.495000,0.015587,-0.119035,0.505000
9.000000,-0.000000,-0.000000,0.000000,1.000000,0.450000,1.000000,1.000000,-1.142957,0.500000,0.000000,-0.000000,0.500000
9.010000,0.062791,0.187381,0.425779,0.992115,0.450500,-1.000000,1.000000,0.599558,0.505000,-0.015525,0.119160,0.495000
9.020000,0.125333,0.368125,0.770513,0.968583,0.451000,-1.000000,1.000000,-0.876409,0.510000,-0.030850,0.236743,0.490000
9.030000,0.187381,0.535827,0.968583,0.929776,0.451500,-1.000000,1.000000,0.822835,0.515000,-0.045841,0.351064,0.485000
9.040000,0.248690,0.684547,0.982287,0.876307,0.452000,-1.000000,1.000000,1.108893,0.520000,-0.060366,0.460472,0.480000
9.050000,0.309017,0.809017,0.809017,0.809017,0.452500,-1.000000,1.000000,-1.802395,0.525000,-0.074297,0.563382,0.475000
9.060000,0.368125,0.904827,0.481754,0.728969,0.453000,-1.000000,1.000000,-0.149110,0.530000,-0.087515,0.658290,0.470000
9.070000,0.425779,0.968583,0.062791,0.637424,0.453500,-1.000000,1.000000,-1.586818,0.535000,-0.099904,0.743803,0.465000
9.080000,0.481754,0.998027,-0.368125,0.535827,0.454000,-1.000000,1.000000,-0.074934,0.540000,-0.111359,0.818655,0.460000
9.090000,0.535827,0.992115,-0.728969,0.425779,0.454500,-1.000000,1.000000,0.899198,0.545000,-0.121781,0.881729,0.455000
9.100000,0.587785,0.951057,-0.951057,0.309017,0.455000,-1.000000,1.000000,-1.376827,0.550000,-0.131082,0.932071,0.450000
9.110000,0.637424,0.876307,-0.992115,0.187381,0.455500,-1.000000,1.000000,1.789160,0.555000,-0.139184,0.968910,0.445000
9.120000,0.684547,0.770513,-0.844328,0.062791,0.456000,-1.000000,1.000000,-0.324641,0.560000,-0.146020,0.991668,0.440000
9.130000,0.728969,0.637424,-0.535827,-0.062791,0.456500,-1.000000,1.000000,-1.197568,0.565000,-0.151535,0.999966,0.435000
9.140000,0.770513,0.481754,-0.125333,-0.187381,0.457000,-1.000000,1.000000,-0.139317,0.570000,-0.155685,0.993640,0.430000
9.150000,0.809017,0.309017,0.309017,-0.309017,0.457500,-1.000000,1.000000,0.776775,0.575000,-0.158439,0.972735,0.425000
9.160000,0.844328,0.125333,0.684547,-0.425779,0.458000,-1.000000,1.000000,-1.392933,0.580000,-0.159777,0.937515,0.420000
9.170000,0.876307,-0.062791,0.929776,-0.535827,0.458500,-1.000000,1.000000,-0.014266,0.585000,-0.159694,0.888454,0.415000
9.180000,0.904827,-0.248690,0.998027,-0.637424,0.459000,-1.000000,1.000000,-1.389812,0.590000,-0.158197,0.826232,0.410000
9.190000,0.929776,-0.425779,0.876307,-0.728969,0.459500,-1.000000,1.000000,1.187546,0.595000,-0.155303,0.751729,0.405000
9.200000,0.951057,-0.587785,0.587785,-0.809017,0.460000,-1.000000,1.000000,0.137873,0.600000,-0.151044,0.666012,0.400000
9.210000,0.968583,-0.728969,0.187381,-0.876307,0.460500,-1.000000,1.000000,-0.442685,0.605000,-0.145464,0.570318,0.395000
9.220000,0.982287,-0.844328,-0.248690,-0.929776,0.461000,-1.000000,1.000000,1.017486,0.610000,-0.138617,0.466041,0.390000
9.230000,0.992115,-0.929776,-0.637424,-0.968583,0.461500,-1.000000,1.000000,-1.306611,0.615000,-0.130569,0.354709,0.385000
9.240000,0.998027,-0.982287,-0.904827,-0.992115,0.462000,-1.000000,1.000000,-0.411687,0.620000,-0.121396,0.237964,0.380000
9.250000,1.000000,-1.000000,-1.000000,-1.000000,0.462500,-1.000000,1.000000,1.827519,0.625000,-0.111183,0.117537,0.375000
9.260000,0.998027,-0.982287,-0.904827,-0.992115,0.463000,-1.000000,1.000000,-0.143066,0.630000,-0.100026,-0.004775,0.370000
9.270000,0.992115,-0.929776,-0.637424,-0.968583,0.463500,-1.000000,1.000000,1.337561,0.635000,-0.088028,-0.127141,0.365000
9.280000,0.982287,-0.844328,-0.248690,-0.929776,0.464000,-1.000000,1.000000,0.175736,0.640000,-0.075296,-0.247716,0.360000
9.290000,0.968583,-0.728969,0.187381,-0.876307,0.464500,-1.000000,1.000000,-0.719625,0.645000,-0.061949,-0.364675,0.355000
9.300000,0.951057,-0.587785,0.587785,-0.809017,0.465000,-1.000000,1.000000,-0.266221,0.650000,-0.048105,-0.476238,0.350000
9.310000,0.929776,-0.425779,0.876307,-0.728969,0.465500,-1.000000,1.000000,0.056934,0.655000,-0.033891,-0.580697,0.345000
9.320000,0.904827,-0.248690,0.998027,-0.637424,0.466000,-1.000000,1.000000,-0.430014,0.660000,-0.019433,-0.676444,0.340000
9.330000,0.876307,-0.062791,0.929776,-0.535827,0.466500,-1.000000,1.000000,-0.844702,0.665000,-0.004861,-0.761995,0.335000
9.340000,0.844328,0.125333,0.684547,-0.425779,0.467000,-1.000000,1.000000,-0.802392,0.670000,0.009697,-0.836014,0.330000
9.350000,0.809017,0.309017,0.309017,-0.309017,0.467500,-1.000000,1.000000,-1.504468,0.675000,0.024110,-0.897335,0.325000
9.360000,0.770513,0.481754,-0.125333,-0.187381,0.468000,-1.000000,1.000000,0.089103,0.680000,0.038252,-0.944981,0.320000
9.370000,0.728969,0.637424,-0.535827,-0.062791,0.468500,-1.000000,1.000000,0.372081,0.685000,0.051999,-0.978178,0.315000
9.380000,0.684547,0.770513,-0.844328,0.062791,0.469000,-1.000000,1.000000,0.727300,0.690000,0.065230,-0.996373,0.310000
9.390000,0.637424,0.876307,-0.992115,0.187381,0.469500,-1.000000,1.000000,-1.827586,0.695000,0.077830,-0.999239,0.305000
9.400000,0.587785,0.951057,-0.951057,0.309017,0.470000,-1.000000,1.000000,0.783868,0.700000,0.089690,-0.986686,0.300000
9.410000,0.535827,0.992115,-0.728969,0.425779,0.470500,-1.000000,1.000000,-0.039106,0.705000,0.100708,-0.958861,0.295000
9.420000,0.481754,0.998027,-0.368125,0.535827,0.471000,-1.000000,1.000000,-1.450616,0.710000,0.110789,-0.916150,0.290000
9.430000,0.425779,0.968583,0.062791,0.637424,0.471500,-1.000000,1.000000,0.075835,0.715000,0.119849,-0.859171,0.285000
9.440000,0.368125,0.904827,0.481754,0.728969,0.472000,-1.000000,1.000000,0.792595,0.720000,0.127810,-0.788767,0.280000
9.450000,0.309017,0.809017,0.809017,0.809017,0.472500,-1.000000,1.000000,0.500421,0.725000,0.134606,-0.705995,0.275000
9.460000,0.248690,0.684547,0.982287,0.876307,0.473000,-1.000000,1.000000,0.703327,0.730000,0.140182,-0.612112,0.270000
9.470000,0.187381,0.535827,0.968583,0.929776,0.473500,-1.000000,1.000000,0.923334,0.735000,0.144494,-0.508555,0.265000
9.480000,0.125333,0.368125,0.770513,0.968583,0.474000,-1.000000,1.000000,0.873957,0.740000,0.147508,-0.396917,0.260000
9.490000,0.062791,0.187381,0.425779,0.992115,0.474500,-1.000000,1.000000,-0.057450,0.745000,0.149203,-0.278931,0.255000
9.500000,0.000000,0.000000,0.000000,1.000000,0.475000,-1.000000,1.000000,-2.104231,0.750000,0.149569,-0.156434,0.250000
9.510000,-0.062791,-0.187381,-0.425779,0.992115,0.475500,-1.000000,1.000000,-0.781232,0.755000,0.148607,-0.031348,0.245000
9.520000,-0.125333,-0.368125,-0.770513,0.968583,0.476000,-1.000000,1.000000,0.334596,0.760000,0.146333,0.094359,0.240000
9.530000,-0.187381,-0.535827,-0.968583,0.929776,0.476500,-1.000000,1.000000,-0.490873,0.765000,0.142771,0.218695,0.235000
9.540000,-0.248690,-0.684547,-0.982287,0.876307,0.477000,-1.000000,1.000000,0.664382,0.770000,0.137957,0.339684,0.230000
9.550000,-0.309017,-0.809017,-0.809017,0.809017,0.477500,-1.000000,1.000000,0.776818,0.775000,0.131941,0.455390,0.225000
9.560000,-0.368125,-0.904827,-0.481754,0.728969,0.478000,-1.000000,1.000000,0.027356,0.780000,0.124779,0.563953,0.220000
9.570000,-0.425779,-0.968583,-0.062791,0.637424,0.478500,-1.000000,1.000000,1.859187,0.785000,0.116539,0.663618,0.215000
9.580000,-0.481754,-0.998027,0.368125,0.535827,0.479000,-1.000000,1.000000,-0.995533,0.790000,0.107300,0.752764,0.210000
9.590000,-0.535827,-0.992115,0.728969,0.425779,0.479500,-1.000000,1.000000,0.911058,0.795000,0.097147,0.829931,0.205000
9.600000,-0.587785,-0.951057,0.951057,0.309017,0.480000,-1.000000,1.000000,-0.492586,0.800000,0.086173,0.893841,0.200000
9.610000,-0.637424,-0.876307,0.992115,0.187381,0.480500,-1.000000,1.000000,-0.800466,0.805000,0.074480,0.943429,0.195000
9.620000,-0.684547,-0.770513,0.844328,0.062791,0.481000,-1.000000,1.000000,0.568815,0.810000,0.062173,0.977851,0.190000
9.630000,-0.728969,-0.637424,0.535827,-0.062791,0.481500,-1.000000,1.000000,-0.635614,0.815000,0.049364,0.996505,0.185000
9.640000,-0.770513,-0.481754,0.125333,-0.187381,0.482000,-1.000000,1.000000,0.839289,0.820000,0.036169,0.999044,0.180000
9.650000,-0.809017,-0.309017,-0.309017,-0.309017,0.482500,-1.000000,1.000000,-1.186294,0.825000,0.022706,0.985378,0.175000
9.660000,-0.844328,-0.125333,-0.684547,-0.425779,0.483000,-1.000000,1.000000,0.015584,0.830000,0.009096,0.955682,0.170000
9.670000,-0.876307,0.062791,-0.929776,-0.535827,0.483500,-1.000000,1.000000,-0.862930,0.835000,-0.004541,0.910392,0.165000
9.680000,-0.904827,0.248690,-0.998027,-0.637424,0.484000,-1.000000,1.000000,-0.254478,0.840000,-0.018083,0.850202,0.160000
9.690000,-0.929776,0.425779,-0.876307,-0.728969,0.484500,-1.000000,1.000000,-0.391411,0.845000,-0.031411,0.776051,0.155000
9.700000,-0.951057,0.587785,-0.587785,-0.809017,0.485000,-1.000000,1.000000,-1.147969,0.850000,-0.044407,0.689114,0.150000
9.710000,-0.968583,0.728969,-0.187381,-0.876307,0.485500,-1.000000,1.000000,0.636280,0.855000,-0.056958,0.590780,0.145000
9.720000,-0.982287,0.844328,0.248690,-0.929776,0.486000,-1.000000,1.000000,-1.264244,0.860000,-0.068954,0.482634,0.140000
9.730000,-0.992115,0.929776,0.637424,-0.968583,0.486500,-1.000000,1.000000,-0.999090,0.865000,-0.080290,0.366430,0.135000
9.740000,-0.998027,0.982287,0.904827,-0.992115,0.487000,-1.000000,1.000000,0.872751,0.870000,-0.090870,0.244062,0.130000
9.750000,-1.000000,1.000000,1.000000,-1.000000,0.487500,-1.000000,1.000000,0.954740,0.875000,-0.100603,0.117537,0.125000
9.760000,-0.998027,0.982287,0.904827,-0.992115,0.488000,-1.000000,1.000000,0.649445,0.880000,-0.109405,-0.011058,0.120000
9.770000,-0.992115,0.929776,0.637424,-0.968583,0.488500,-1.000000,1.000000,0.322041,0.885000,-0.117202,-0.139595,0.115000
9.780000,-0.982287,0.844328,0.248690,-0.929776,0.489000,-1.000000,1.000000,2.260273,0.890000,-0.123930,-0.265933,0.110000
9.790000,-0.968583,0.728969,-0.187381,-0.876307,0.489500,-1.000000,1.000000,-1.227405,0.895000,-0.129532,-0.387960,0.105000
9.800000,-0.951057,0.587785,-0.587785,-0.809017,0.490000,-1.000000,1.000000,-0.760988,0.900000,-0.133964,-0.503623,0.100000
9.810000,-0.929776,0.425779,-0.876307,-0.728969,0.490500,-1.000000,1.000000,-1.011277,0.905000,-0.137191,-0.610969,0.095000
9.820000,-0.904827,0.248690,-0.998027,-0.637424,0.491000,-1.000000,1.000000,0.881459,0.910000,-0.139190,-0.708172,0.090000
9.830000,-0.876307,0.062791,-0.929776,-0.535827,0.491500,-1.000000,1.000000,0.271010,0.915000,-0.139947,-0.793570,0.085000
9.840000,-0.844328,-0.125333,-0.684547,-0.425779,0.492000,-1.000000,1.000000,1.093986,0.920000,-0.139460,-0.865690,0.080000
9.850000,-0.809017,-0.309017,-0.309017,-0.309017,0.492500,-1.000000,1.000000,0.955762,0.925000,-0.137740,-0.923277,0.075000
9.860000,-0.770513,-0.481754,0.125333,-0.187381,0.493000,-1.000000,1.000000,-0.241625,0.930000,-0.134806,-0.965316,0.070000
9.870000,-0.728969,-0.637424,0.535827,-0.062791,0.493500,-1.000000,1.000000,-0.835397,0.935000,-0.130688,-0.991049,0.065000
9.880000,-0.684547,-0.770513,0.844328,0.062791,0.494000,-1.000000,1.000000,-1.008450,0.940000,-0.125429,-0.999994,0.060000
9.890000,-0.637424,-0.876307,0.992115,0.187381,0.494500,-1.000000,1.000000,2.195674,0.945000,-0.119080,-0.991948,0.055000
9.900000,-0.587785,-0.951057,0.951057,0.309017,0.495000,-1.000000,1.000000,0.951823,0.950000,-0.111700,-0.967001,0.050000
9.910000,-0.535827,-0.992115,0.728969,0.425779,0.495500,-1.000000,1.000000,0.577532,0.955000,-0.103360,-0.925530,0.045000
9.920000,-0.481754,-0.998027,0.368125,0.535827,0.496000,-1.000000,1.000000,-0.354330,0.960000,-0.094138,-0.868195,0.040000
9.930000,-0.425779,-0.968583,-0.062791,0.637424,0.496500,-1.000000,1.000000,-0.213398,0.965000,-0.084117,-0.795934,0.035000
9.940000,-0.368125,-0.904827,-0.481754,0.728969,0.497000,-1.000000,1.000000,-0.359092,0.970000,-0.073392,-0.709945,0.030000
9.950000,-0.309017,-0.809017,-0.809017,0.809017,0.497500,-1.000000,1.000000,-0.338785,0.975000,-0.062058,-0.611665,0.025000
9.960000,-0.248690,-0.684547,-0.982287,0.876307,0.498000,-1.000000,1.000000,-2.418499,0.980000,-0.050220,-0.502754,0.020000
9.970000,-0.187381,-0.535827,-0.968583,0.929776,0.498500,-1.000000,1.000000,-0.076199,0.985000,-0.037985,-0.385062,0.015000
9.980000,-0.125333,-0.368125,-0.770513,0.968583,0.499000,-1.000000,1.000000,-0.397134,0.990000,-0.025461,-0.260599,0.010000
9.990000,-0.062791,-0.187381,-0.425779,0.992115,0.499500,-1.000000,1.000000,0.274956,0.995000,-0.012762,-0.131502,0.005000
10.000000,-0.000000,-0.000000,-0.000000,1.000000,0.500000,-1.000000,1.000000,0.194840,0.000000,-0.000000,0.000000,0.000000
10.010000,0.062791,0.187381,0.425779,0.992115,0.500500,1.000000,1.000000,0.838718,0.005000,0.012711,0.131627,0.005000
10.020000,0.125333,0.368125,0.770513,0.968583,0.501000,1.000000,1.000000,-0.027649,0.010000,0.025258,0.261084,0.010000
10.030000,0.187381,0.535827,0.968583,0.929776,0.501500,1.000000,1.000000,0.782432,0.015000,0.037531,0.386106,0.015000
10.040000,0.248690,0.684547,0.982287,0.876307,0.502000,1.000000,1.000000,-2.575443,0.020000,0.049423,0.504491,0.020000
10.050000,0.309017,0.809017,0.809017,0.809017,0.502500,1.000000,1.000000,-1.115677,0.025000,0.060830,0.614147,0.025000
10.060000,0.368125,0.904827,0.481754,0.728969,0.503000,1.000000,1.000000,1.711443,0.030000,0.071651,0.713123,0.030000
10.070000,0.425779,0.968583,0.062791,0.637424,0.503500,1.000000,1.000000,-1.233519,0.035000,0.081795,0.799647,0.035000
10.080000,0.481754,0.998027,-0.368125,0.535827,0.504000,1.000000,1.000000,-0.293305,0.040000,0.091173,0.872158,0.040000
10.090000,0.535827,0.992115,-0.728969,0.425779,0.504500,1.000000,1.000000,0.692604,0.045000,0.099706,0.929336,0.045000
10.100000,0.587785,0.951057,-0.951057,0.309017,0.505000,1.000000,1.000000,-0.896720,0.050000,0.107321,0.970127,0.050000
10.110000,0.637424,0.876307,-0.992115,0.187381,0.505500,1.000000,1.000000,0.708374,0.055000,0.113954,0.993759,0.055000
10.120000,0.684547,0.770513,-0.844328,0.062791,0.506000,1.000000,1.000000,-1.442256,0.060000,0.119551,0.999766,0.060000
10.130000,0.728969,0.637424,-0.535827,-0.062791,0.506500,1.000000,1.000000,-1.927506,0.065000,0.124066,0.987991,0.065000
10.140000,0.770513,0.481754,-0.125333,-0.187381,0.507000,1.000000,1.000000,-1.343452,0.070000,0.127464,0.958593,0.070000
10.150000,0.809017,0.309017,0.309017,-0.309017,0.507500,1.000000,1.000000,-1.667867,0.075000,0.129719,0.912049,0.075000
10.160000,0.844328,0.125333,0.684547,-0.425779,0.508000,1.000000,1.000000,-0.031859,0.080000,0.130814,0.849141,0.080000
10.170000,0.876307,-0.062791,0.929776,-0.535827,0.508500,1.000000,1.000000,-0.331939,0.085000,0.130747,0.770954,0.085000
10.180000,0.904827,-0.248690,0.998027,-0.637424,0.509000,1.000000,1.000000,0.314278,0.090000,0.129520,0.678847,0.090000
10.190000,0.929776,-0.425779,0.876307,-0.728969,0.509500,1.000000,1.000000,-1.049894,0.095000,0.127151,0.574440,0.095000
10.200000,0.951057,-0.587785,0.587785,-0.809017,0.510000,1.000000,1.000000,2.528757,0.100000,0.123665,0.459580,0.100000
10.210000,0.968583,-0.728969,0.187381,-0.876307,0.510500,1.000000,1.000000,-0.109621,0.105000,0.119096,0.336313,0.105000
10.220000,0.982287,-0.844328,-0.248690,-0.929776,0.511000,1.000000,1.000000,-0.059917,0.110000,0.113490,0.206846,0.110000
10.230000,0.992115,-0.929776,-0.637424,-0.968583,0.511500,1.000000,1.000000,0.441660,0.115000,0.106901,0.073510,0.115000
10.240000,0.998027,-0.982287,-0.904827,-0.992115,0.512000,1.000000,1.000000,-0.257600,0.120000,0.099391,-0.061285,0.120000
10.250000,1.000000,-1.000000,-1.000000,-1.000000,0.512500,1.000000,1.000000,-0.645521,0.125000,0.091029,-0.195090,0.125000
10.260000,0.998027,-0.982287,-0.904827,-0.992115,0.513000,1.000000,1.000000,0.071799,0.130000,0.081895,-0.325463,0.130000
10.270000,0.992115,-0.929776,-0.637424,-0.968583,0.513500,1.000000,1.000000,0.904778,0.135000,0.072071,-0.450011,0.135000
10.280000,0.982287,-0.844328,-0.248690,-0.929776,0.514000,1.000000,1.000000,0.651759,0.140000,0.061648,-0.566441,0.140000
10.290000,0.968583,-0.728969,0.187381,-0.876307,0.514500,1.000000,1.000000,0.928080,0.145000,0.050719,-0.672594,0.145000
10.300000,0.951057,-0.587785,0.587785,-0.809017,0.515000,1.000000,1.000000,-0.577781,0.150000,0.039385,-0.766493,0.150000
10.310000,0.929776,-0.425779,0.876307,-0.728969,0.515500,1.000000,1.000000,-0.788302,0.155000,0.027748,-0.846375,0.155000
10.320000,0.904827,-0.248690,0.998027,-0.637424,0.516000,1.000000,1.000000,1.991167,0.160000,0.015910,-0.910730,0.160000
10.330000,0.876307,-0.062791,0.929776,-0.535827,0.516500,1.000000,1.000000,-0.251890,0.165000,0.003979,-0.958325,0.165000
10.340000,0.844328,0.125333,0.684547,-0.425779,0.517000,1.000000,1.000000,0.465694,0.170000,-0.007939,-0.988233,0.170000
10.350000,0.809017,0.309017,0.309017,-0.309017,0.517500,1.000000,1.000000,0.725922,0.175000,-0.019740,-0.999851,0.175000
10.360000,0.770513,0.481754,-0.125333,-0.187381,0.518000,1.000000,1.000000,1.408502,0.180000,-0.031318,-0.992913,0.180000
10.370000,0.728969,0.637424,-0.535827,-0.062791,0.518500,1.000000,1.000000,-1.363228,0.185000,-0.042573,-0.967496,0.185000
10.380000,0.684547,0.770513,-0.844328,0.062791,0.519000,1.000000,1.000000,-0.492069,0.190000,-0.053406,-0.924024,0.190000
10.390000,0.637424,0.876307,-0.992115,0.187381,0.519500,1.000000,1.000000,-0.445293,0.195000,-0.063722,-0.863258,0.195000
10.400000,0.587785,0.951057,-0.951057,0.309017,0.520000,1.000000,1.000000,-0.313081,0.200000,-0.073432,-0.786288,0.200000
10.410000,0.535827,0.992115,-0.728969,0.425779,0.520500,1.000000,1.000000,-2.424235,0.205000,-0.082453,-0.694513,0.205000
10.420000,0.481754,0.998027,-0.368125,0.535827,0.521000,1.000000,1.000000,-0.107596,0.210000,-0.090707,-0.589614,0.210000
10.430000,0.425779,0.968583,0.062791,0.637424,0.521500,1.000000,1.000000,-2.905173,0.215000,-0.098124,-0.473529,0.215000
10.440000,0.368125,0.904827,0.481754,0.728969,0.522000,1.000000,1.000000,0.287093,0.220000,-0.104642,-0.348415,0.220000
10.450000,0.309017,0.809017,0.809017,0.809017,0.522500,1.000000,1.000000,0.526848,0.225000,-0.110206,-0.216610,0.225000
10.460000,0.248690,0.684547,0.982287,0.876307,0.523000,1.000000,1.000000,0.587422,0.230000,-0.114772,-0.080589,0.230000
10.470000,0.187381,0.535827,0.968583,0.929776,0.523500,1.000000,1.000000,-1.215082,0.235000,-0.118302,0.057083,0.235000
10.480000,0.125333,0.368125,0.770513,0.968583,0.524000,1.000000,1.000000,0.945048,0.240000,-0.120770,0.193796,0.240000
10.490000,0.062791,0.187381,0.425779,0.992115,0.524500,1.000000,1.000000,-0.873907,0.245000,-0.122157,0.326947,0.245000
10.500000,-0.000000,-0.000000,-0.000000,1.000000,0.525000,1.000000,1.000000,-1.236827,0.250000,-0.122456,0.453990,0.250000
10.510000,-0.062791,-0.187381,-0.425779,0.992115,0.525500,1.000000,1.000000,-0.989829,0.255000,-0.121669,0.572484,0.255000
10.520000,-0.125333,-0.368125,-0.770513,0.968583,0.526000,1.000000,1.000000,-0.857038,0.260000,-0.119807,0.680138,0.260000
10.530000,-0.187381,-0.535827,-0.968583,0.929776,0.526500,1.000000,1.000000,0.163509,0.265000,-0.116891,0.774861,0.265000
10.540000,-0.248690,-0.684547,-0.982287,0.876307,0.527000,1.000000,1.000000,0.816011,0.270000,-0.112950,0.854800,0.270000
10.550000,-0.309017,-0.809017,-0.809017,0.809017,0.527500,1.000000,1.000000,-2.110056,0.275000,-0.108024,0.918377,0.275000
10.560000,-0.368125,-0.904827,-0.481754,0.728969,0.528000,1.000000,1.000000,-0.549277,0.280000,-0.102160,0.964325,0.280000
10.570000,-0.425779,-0.968583,-0.062791,0.637424,0.528500,1.000000,1.000000,0.893972,0.285000,-0.095414,0.991708,0.285000
10.580000,-0.481754,-0.998027,0.368125,0.535827,0.529000,1.000000,1.000000,0.196195,0.290000,-0.087850,0.999947,0.290000
10.590000,-0.535827,-0.992115,0.728969,0.425779,0.529500,1.000000,1.000000,0.501773,0.295000,-0.079537,0.988830,0.295000
10.600000,-0.587785,-0.951057,0.951057,0.309017,0.530000,1.000000,1.000000,-1.504671,0.300000,-0.070553,0.958522,0.300000
10.610000,-0.637424,-0.876307,0.992115,0.187381,0.530500,1.000000,1.000000,0.948737,0.305000,-0.060979,0.909558,0.305000
10.620000,-0.684547,-0.770513,0.844328,0.062791,0.531000,1.000000,1.000000,-1.568944,0.310000,-0.050903,0.842843,0.310000
10.630000,-0.728969,-0.637424,0.535827,-0.062791,0.531500,1.000000,1.000000,0.190071,0.315000,-0.040416,0.759630,0.315000
10.640000,-0.770513,-0.481754,0.125333,-0.187381,0.532000,1.000000,1.000000,1.361257,0.320000,-0.029613,0.661500,0.320000
10.650000,-0.809017,-0.309017,-0.309017,-0.309017,0.532500,1.000000,1.000000,1.879350,0.325000,-0.018590,0.550335,0.325000
10.660000,-0.844328,-0.125333,-0.684547,-0.425779,0.533000,1.000000,1.000000,0.511537,0.330000,-0.007447,0.428279,0.330000
10.670000,-0.876307,0.062791,-0.929776,-0.535827,0.533500,1.000000,1.000000,0.880969,0.335000,0.003718,0.297701,0.335000
10.680000,-0.904827,0.248690,-0.998027,-0.637424,0.534000,1.000000,1.000000,-0.606332,0.340000,0.014805,0.161149,0.340000
10.690000,-0.929776,0.425779,-0.876307,-0.728969,0.534500,1.000000,1.000000,-0.481444,0.345000,0.025717,0.021298,0.345000
10.700000,-0.951057,0.587785,-0.587785,-0.809017,0.535000,1.000000,1.000000,1.169423,0.350000,0.036357,-0.119097,0.350000
10.710000,-0.968583,0.728969,-0.187381,-0.876307,0.535500,1.000000,1.000000,0.001606,0.355000,0.046633,-0.257261,0.355000
10.720000,-0.982287,0.844328,0.248690,-0.929776,0.536000,1.000000,1.000000,-0.127314,0.360000,0.056454,-0.390448,0.360000
10.730000,-0.992115,0.929776,0.637424,-0.968583,0.536500,1.000000,1.000000,-1.410558,0.365000,0.065736,-0.516001,0.365000
10.740000,-0.998027,0.982287,0.904827,-0.992115,0.537000,1.000000,1.000000,0.150591,0.370000,0.074398,-0.631402,0.370000
10.750000,-1.000000,1.000000,1.000000,-1.000000,0.537500,1.000000,1.000000,0.645863,0.375000,0.082367,-0.734323,0.375000
10.760000,-0.998027,0.982287,0.904827,-0.992115,0.538000,1.000000,1.000000,-0.794169,0.380000,0.089573,-0.822676,0.380000
10.770000,-0.992115,0.929776,0.637424,-0.968583,0.538500,1.000000,1.000000,-0.507080,0.385000,0.095957,-0.894657,0.385000
10.780000,-0.982287,0.844328,0.248690,-0.929776,0.539000,1.000000,1.000000,1.580457,0.390000,0.101465,-0.948779,0.390000
10.790000,-0.968583,0.728969,-0.187381,-0.876307,0.539500,1.000000,1.000000,0.178266,0.395000,0.106052,-0.983909,0.395000
10.800000,-0.951057,0.587785,-0.587785,-0.809017,0.540000,1.000000,1.000000,-0.288594,0.400000,0.109681,-0.999289,0.400000
10.810000,-0.929776,0.425779,-0.876307,-0.728969,0.540500,1.000000,1.000000,-1.136983,0.405000,0.112323,-0.994559,0.405000
10.820000,-0.904827,0.248690,-0.998027,-0.637424,0.541000,1.000000,1.000000,-0.619579,0.410000,0.113959,-0.969760,0.410000
10.830000,-0.876307,0.062791,-0.929776,-0.535827,0.541500,1.000000,1.000000,-0.249996,0.415000,0.114579,-0.925339,0.415000
10.840000,-0.844328,-0.125333,-0.684547,-0.425779,0.542000,1.000000,1.000000,1.369128,0.420000,0.114180,-0.862146,0.420000
10.850000,-0.809017,-0.309017,-0.309017,-0.309017,0.542500,1.000000,1.000000,-0.610495,0.425000,0.112772,-0.781412,0.425000
10.860000,-0.770513,-0.481754,0.125333,-0.187381,0.543000,1.000000,1.000000,1.794336,0.430000,0.110370,-0.684730,0.430000
10.870000,-0.728969,-0.637424,0.535827,-0.062791,0.543500,1.000000,1.000000,-0.928688,0.435000,0.106999,-0.574028,0.435000
10.880000,-0.684547,-0.770513,0.844328,0.062791,0.544000,1.000000,1.000000,-0.357587,0.440000,0.102693,-0.451525,0.440000
10.890000,-0.637424,-0.876307,0.992115,0.187381,0.544500,1.000000,1.000000,0.843544,0.445000,0.097494,-0.319694,0.445000
10.900000,-0.587785,-0.951057,0.951057,0.309017,0.545000,1.000000,1.000000,-0.240195,0.450000,0.091453,-0.181206,0.450000
10.910000,-0.535827,-0.992115,0.728969,0.425779,0.545500,1.000000,1.000000,-0.830262,0.455000,0.084624,-0.038883,0.455000
10.920000,-0.481754,-0.998027,0.368125,0.535827,0.546000,1.000000,1.000000,-0.131843,0.460000,0.077073,0.104362,0.460000
10.930000,-0.425779,-0.968583,-0.062791,0.637424,0.546500,1.000000,1.000000,0.448712,0.465000,0.068869,0.245585,0.465000
10.940000,-0.368125,-0.904827,-0.481754,0.728969,0.547000,1.000000,1.000000,-1.715734,0.470000,0.060088,0.381871,0.470000
10.950000,-0.309017,-0.809017,-0.809017,0.809017,0.547500,1.000000,1.000000,-0.248536,0.475000,0.050809,0.510393,0.475000
10.960000,-0.248690,-0.684547,-0.982287,0.876307,0.548000,1.000000,1.000000,-0.109337,0.480000,0.041117,0.628474,0.480000
10.970000,-0.187381,-0.535827,-0.968583,0.929776,0.548500,1.000000,1.000000,-0.403748,0.485000,0.031099,0.733640,0.485000
10.980000,-0.125333,-0.368125,-0.770513,0.968583,0.549000,1.000000,1.000000,0.735356,0.490000,0.020846,0.823675,0.490000
10.990000,-0.062791,-0.187381,-0.425779,0.992115,0.549500,1.000000,1.000000,-0.568552,0.495000,0.010448,0.896669,0.495000
11.000000,-0.000000,-0.000000,-0.000000,1.000000,0.550000,1.000000,1.000000,-0.364515,0.500000,0.000000,0.951057,0.500000
11.010000,0.062791,0.187381,0.425779,0.992115,0.550500,-1.000000,1.000000,0.037643,0.505000,-0.010407,0.985655,0.505000
11.020000,0.125333,0.368125,0.770513,0.968583,0.551000,-1.000000,1.000000,0.728849,0.510000,-0.020680,0.999690,0.510000
11.030000,0.187381,0.535827,0.968583,0.929776,0.551500,-1.000000,1.000000,-0.221163,0.515000,-0.030728,0.992815,0.515000
11.040000,0.248690,0.684547,0.982287,0.876307,0.552000,-1.000000,1.000000,1.516597,0.520000,-0.040464,0.965119,0.520000
11.050000,0.309017,0.809017,0.809017,0.809017,0.552500,-1.000000,1.000000,-0.907718,0.525000,-0.049803,0.917130,0.525000
11.060000,0.368125,0.904827,0.481754,0.728969,0.553000,-1.000000,1.000000,1.286514,0.530000,-0.058663,0.849804,0.530000
11.070000,0.425779,0.968583,0.062791,0.637424,0.553500,-1.000000,1.000000,-0.857822,0.535000,-0.066968,0.764512,0.535000
11.080000,0.481754,0.998027,-0.368125,0.535827,0.554000,-1.000000,1.000000,-0.163066,0.540000,-0.074646,0.663007,0.540000
11.090000,0.535827,0.992115,-0.728969,0.425779,0.554500,-1.000000,1.000000,0.364046,0.545000,-0.081632,0.547394,0.545000
11.100000,0.587785,0.951057,-0.951057,0.309017,0.555000,-1.000000,1.000000,2.054840,0.550000,-0.087867,0.420086,0.550000
11.110000,0.637424,0.876307,-0.992115,0.187381,0.555500,-1.000000,1.000000,0.895826,0.555000,-0.093298,0.283754,0.555000
11.120000,0.684547,0.770513,-0.844328,0.062791,0.556000,-1.000000,1.000000,-0.405863,0.560000,-0.097880,0.141274,0.560000
11.130000,0.728969,0.637424,-0.535827,-0.062791,0.556500,-1.000000,1.000000,1.299119,0.565000,-0.101577,-0.004335,0.565000
11.140000,0.770513,0.481754,-0.125333,-0.187381,0.557000,-1.000000,1.000000,-0.213705,0.570000,-0.104359,-0.149977,0.570000
11.150000,0.809017,0.309017,0.309017,-0.309017,0.557500,-1.000000,1.000000,-0.791446,0.575000,-0.106205,-0.292539,0.575000
11.160000,0.844328,0.125333,0.684547,-0.425779,0.558000,-1.000000,1.000000,0.448685,0.580000,-0.107102,-0.428960,0.580000
11.170000,0.876307,-0.062791,0.929776,-0.535827,0.558500,-1.000000,1.000000,0.094471,0.585000,-0.107046,-0.556301,0.585000
11.180000,0.904827,-0.248690,0.998027,-0.637424,0.559000,-1.000000,1.000000,0.953666,0.590000,-0.106042,-0.671803,0.590000
11.190000,0.929776,-0.425779,0.876307,-0.728969,0.559500,-1.000000,1.000000,-0.549738,0.595000,-0.104103,-0.772951,0.595000
11.200000,0.951057,-0.587785,0.587785,-0.809017,0.560000,-1.000000,1.000000,0.381503,0.600000,-0.101248,-0.857527,0.600000
11.210000,0.968583,-0.728969,0.187381,-0.876307,0.560500,-1.000000,1.000000,0.634549,0.605000,-0.097508,-0.923663,0.605000
11.220000,0.982287,-0.844328,-0.248690,-0.929776,0.561000,-1.000000,1.000000,0.278046,0.610000,-0.092918,-0.969882,0.610000
11.230000,0.992115,-0.929776,-0.637424,-0.968583,0.561500,-1.000000,1.000000,-0.028984,0.615000,-0.087523,-0.995132,0.615000
11.240000,0.998027,-0.982287,-0.904827,-0.992115,0.562000,-1.000000,1.000000,-0.697618,0.620000,-0.081374,-0.998812,0.620000
11.250000,1.000000,-1.000000,-1.000000,-1.000000,0.562500,-1.000000,1.000000,0.903752,0.625000,-0.074529,-0.980785,0.625000
11.260000,0.998027,-0.982287,-0.904827,-0.992115,0.563000,-1.000000,1.000000,0.137225,0.630000,-0.067050,-0.941391,0.630000
11.270000,0.992115,-0.929776,-0.637424,-0.968583,0.563500,-1.000000,1.000000,0.496304,0.635000,-0.059007,-0.881432,0.635000
11.280000,0.982287,-0.844328,-0.248690,-0.929776,0.564000,-1.000000,1.000000,-0.350778,0.640000,-0.050473,-0.802168,0.640000
11.290000,0.968583,-0.728969,0.187381,-0.876307,0.564500,-1.000000,1.000000,0.013012,0.645000,-0.041526,-0.705283,0.645000
11.300000,0.951057,-0.587785,0.587785,-0.809017,0.565000,-1.000000,1.000000,-1.037228,0.650000,-0.032246,-0.592857,0.650000
11.310000,0.929776,-0.425779,0.876307,-0.728969,0.565500,-1.000000,1.000000,0.085525,0.655000,-0.022718,-0.467319,0.655000
11.320000,0.904827,-0.248690,0.998027,-0.637424,0.566000,-1.000000,1.000000,0.765210,0.660000,-0.013026,-0.331397,0.660000
11.330000,0.876307,-0.062791,0.929776,-0.535827,0.566500,-1.000000,1.000000,0.092993,0.665000,-0.003258,-0.188060,0.665000
11.340000,0.844328,0.125333,0.684547,-0.425779,0.567000,-1.000000,1.000000,0.859393,0.670000,0.006500,-0.040453,0.670000
11.350000,0.809017,0.309017,0.309017,-0.309017,0.567500,-1.000000,1.000000,0.312910,0.675000,0.016162,0.108173,0.675000
11.360000,0.770513,0.481754,-0.125333,-0.187381,0.568000,-1.000000,1.000000,1.363857,0.680000,0.025641,0.254528,0.680000
11.370000,0.728969,0.637424,-0.535827,-0.062791,0.568500,-1.000000,1.000000,-0.190050,0.685000,0.034856,0.395360,0.685000
11.380000,0.684547,0.770513,-0.844328,0.062791,0.569000,-1.000000,1.000000,-1.638630,0.690000,0.043725,0.527525,0.690000
11.390000,0.637424,0.876307,-0.992115,0.187381,0.569500,-1.000000,1.000000,0.432488,0.695000,0.052171,0.648061,0.695000
11.400000,0.587785,0.951057,-0.951057,0.309017,0.570000,-1.000000,1.000000,-0.165189,0.700000,0.060121,0.754251,0.700000
11.410000,0.535827,0.992115,-0.728969,0.425779,0.570500,-1.000000,1.000000,-0.974293,0.705000,0.067507,0.843688,0.705000
11.420000,0.481754,0.998027,-0.368125,0.535827,0.571000,-1.000000,1.000000,0.651265,0.710000,0.074264,0.914327,0.710000
11.430000,0.425779,0.968583,0.062791,0.637424,0.571500,-1.000000,1.000000,0.264329,0.715000,0.080337,0.964541,0.715000
11.440000,0.368125,0.904827,0.481754,0.728969,0.572000,-1.000000,1.000000,0.445339,0.720000,0.085673,0.993149,0.720000
11.450000,0.309017,0.809017,0.809017,0.809017,0.572500,-1.000000,1.000000,-0.332376,0.725000,0.090229,0.999456,0.725000
11.460000,0.248690,0.684547,0.982287,0.876307,0.573000,-1.000000,1.000000,0.197047,0.730000,0.093967,0.983263,0.730000
11.470000,0.187381,0.535827,0.968583,0.929776,0.573500,-1.000000,1.000000,0.254339,0.735000,0.096857,0.944878,0.735000
11.480000,0.125333,0.368125,0.770513,0.968583,0.574000,-1.000000,1.000000,1.774655,0.740000,0.098878,0.885114,0.740000
11.490000,0.062791,0.187381,0.425779,0.992115,0.574500,-1.000000,1.000000,-0.683960,0.745000,0.100014,0.805271,0.745000
11.500000,0.000000,0.000000,0.000000,1.000000,0.575000,-1.000000,1.000000,-0.010494,0.750000,0.100259,0.707107,0.750000
11.510000,-0.062791,-0.187381,-0.425779,0.992115,0.575500,-1.000000,1.000000,0.363860,0.755000,0.099614,0.592806,0.755000
11.520000,-0.125333,-0.368125,-0.770513,0.968583,0.576000,-1.000000,1.000000,-1.724787,0.760000,0.098090,0.464929,0.760000
11.530000,-0.187381,-0.535827,-0.968583,0.929776,0.576500,-1.000000,1.000000,-1.602968,0.765000,0.095702,0.326354,0.765000
11.540000,-0.248690,-0.684547,-0.982287,0.876307,0.577000,-1.000000,1.000000,2.165818,0.770000,0.092476,0.180217,0.770000
11.550000,-0.309017,-0.809017,-0.809017,0.809017,0.577500,-1.000000,1.000000,-1.767119,0.775000,0.088442,0.029841,0.775000
11.560000,-0.368125,-0.904827,-0.481754,0.728969,0.578000,-1.000000,1.000000,0.574929,0.780000,0.083642,-0.121343,0.780000
11.570000,-0.425779,-0.968583,-0.062791,0.637424,0.578500,-1.000000,1.000000,-0.848225,0.785000,0.078119,-0.269868,0.785000
11.580000,-0.481754,-0.998027,0.368125,0.535827,0.579000,-1.000000,1.000000,-0.763160,0.790000,0.071925,-0.412316,0.790000
11.590000,-0.535827,-0.992115,0.728969,0.425779,0.579500,-1.000000,1.000000,-1.982525,0.795000,0.065120,-0.545394,0.795000
11.600000,-0.587785,-0.951057,0.951057,0.309017,0.580000,-1.000000,1.000000,-0.900739,0.800000,0.057764,-0.666012,0.800000
11.610000,-0.637424,-0.876307,0.992115,0.187381,0.580500,-1.000000,1.000000,0.784379,0.805000,0.049925,-0.771354,0.805000
11.620000,-0.684547,-0.770513,0.844328,0.062791,0.581000,-1.000000,1.000000,-1.388743,0.810000,0.041676,-0.858946,0.810000
11.630000,-0.728969,-0.637424,0.535827,-0.062791,0.581500,-1.000000,1.000000,0.595427,0.815000,0.033090,-0.926715,0.815000
11.640000,-0.770513,-0.481754,0.125333,-0.187381,0.582000,-1.000000,1.000000,0.313298,0.820000,0.024245,-0.973041,0.820000
11.650000,-0.809017,-0.309017,-0.309017,-0.309017,0.582500,-1.000000,1.000000,2.018302,0.825000,0.015220,-0.996793,0.825000
11.660000,-0.844328,-0.125333,-0.684547,-0.425779,0.583000,-1.000000,1.000000,-0.474534,0.830000,0.006097,-0.997363,0.830000
11.670000,-0.876307,0.062791,-0.929776,-0.535827,0.583500,-1.000000,1.000000,1.263414,0.835000,-0.003044,-0.974682,0.835000
11.680000,-0.904827,0.248690,-0.998027,-0.637424,0.584000,-1.000000,1.000000,0.888869,0.840000,-0.012121,-0.929220,0.840000
11.690000,-0.929776,0.425779,-0.876307,-0.728969,0.584500,-1.000000,1.000000,-0.286668,0.845000,-0.021055,-0.861987,0.845000
11.700000,-0.951057,0.587785,-0.587785,-0.809017,0.585000,-1.000000,1.000000,-1.662956,0.850000,-0.029767,-0.774503,0.850000
11.710000,-0.968583,0.728969,-0.187381,-0.876307,0.585500,-1.000000,1.000000,1.509440,0.855000,-0.038180,-0.668773,0.855000
11.720000,-0.982287,0.844328,0.248690,-0.929776,0.586000,-1.000000,1.000000,-1.364389,0.860000,-0.046221,-0.547236,0.860000
11.730000,-0.992115,0.929776,0.637424,-0.968583,0.586500,-1.000000,1.000000,-0.473416,0.865000,-0.053820,-0.412717,0.865000
11.740000,-0.998027,0.982287,0.904827,-0.992115,0.587000,-1.000000,1.000000,0.883177,0.870000,-0.060912,-0.268355,0.870000
11.750000,-1.000000,1.000000,1.000000,-1.000000,0.587500,-1.000000,1.000000,1.115956,0.875000,-0.067436,-0.117537,0.875000
11.760000,-0.998027,0.982287,0.904827,-0.992115,0.588000,-1.000000,1.000000,-0.845447,0.880000,-0.073336,0.036183,0.880000
11.770000,-0.992115,0.929776,0.637424,-0.968583,0.588500,-1.000000,1.000000,-0.032002,0.885000,-0.078563,0.189171,0.885000
11.780000,-0.982287,0.844328,0.248690,-0.929776,0.589000,-1.000000,1.000000,-0.258578,0.890000,-0.083073,0.337792,0.890000
11.790000,-0.968583,0.728969,-0.187381,-0.876307,0.589500,-1.000000,1.000000,1.181559,0.895000,-0.086828,0.478502,0.895000
11.800000,-0.951057,0.587785,-0.587785,-0.809017,0.590000,-1.000000,1.000000,2.504633,0.900000,-0.089799,0.607930,0.900000
11.810000,-0.929776,0.425779,-0.876307,-0.728969,0.590500,-1.000000,1.000000,-1.829887,0.905000,-0.091962,0.722962,0.905000
11.820000,-0.904827,0.248690,-0.998027,-0.637424,0.591000,-1.000000,1.000000,0.916423,0.910000,-0.093302,0.820814,0.910000
11.830000,-0.876307,0.062791,-0.929776,-0.535827,0.591500,-1.000000,1.000000,-2.858175,0.915000,-0.093809,0.899103,0.915000
11.840000,-0.844328,-0.125333,-0.684547,-0.425779,0.592000,-1.000000,1.000000,0.014066,0.920000,-0.093483,0.955904,0.920000
11.850000,-0.809017,-0.309017,-0.309017,-0.309017,0.592500,-1.000000,1.000000,-1.108785,0.925000,-0.092330,0.989801,0.925000
11.860000,-0.770513,-0.481754,0.125333,-0.187381,0.593000,-1.000000,1.000000,1.991819,0.930000,-0.090363,0.999924,0.930000
11.870000,-0.728969,-0.637424,0.535827,-0.062791,0.593500,-1.000000,1.000000,0.166369,0.935000,-0.087603,0.985972,0.935000
11.880000,-0.684547,-0.770513,0.844328,0.062791,0.594000,-1.000000,1.000000,-0.736772,0.940000,-0.084078,0.948222,0.940000
11.890000,-0.637424,-0.876307,0.992115,0.187381,0.594500,-1.000000,1.000000,-0.499313,0.945000,-0.079822,0.887529,0.945000
11.900000,-0.587785,-0.951057,0.951057,0.309017,0.595000,-1.000000,1.000000,-0.575296,0.950000,-0.074875,0.805308,0.950000
11.910000,-0.535827,-0.992115,0.728969,0.425779,0.595500,-1.000000,1.000000,0.188312,0.955000,-0.069285,0.703499,0.955000
11.920000,-0.481754,-0.998027,0.368125,0.535827,0.596000,-1.000000,1.000000,-0.158148,0.960000,-0.063102,0.584527,0.960000
11.930000,-0.425779,-0.968583,-0.062791,0.637424,0.596500,-1.000000,1.000000,0.655886,0.965000,-0.056386,0.451245,0.965000
11.940000,-0.368125,-0.904827,-0.481754,0.728969,0.597000,-1.000000,1.000000,1.540261,0.970000,-0.049196,0.306865,0.970000
11.950000,-0.309017,-0.809017,-0.809017,0.809017,0.597500,-1.000000,1.000000,0.701412,0.975000,-0.041599,0.154883,0.975000
11.960000,-0.248690,-0.684547,-0.982287,0.876307,0.598000,-1.000000,1.000000,-1.226003,0.980000,-0.033664,-0.001005,0.980000
11.970000,-0.187381,-0.535827,-0.968583,0.929776,0.598500,-1.000000,1.000000,-1.623807,0.985000,-0.025462,-0.156993,0.985000
11.980000,-0.125333,-0.368125,-0.770513,0.968583,0.599000,-1.000000,1.000000,-0.755420,0.990000,-0.017067,-0.309256,0.990000
11.990000,-0.062791,-0.187381,-0.425779,0.992115,0.599500,-1.000000,1.000000,1.053215,0.995000,-0.008554,-0.454046,0.995000
12.000000,-0.000000,-0.000000,0.000000,1.000000,0.600000,-1.000000,1.000000,-0.335048,0.000000,-0.000000,-0.587785,1.000000
12.010000,0.062791,0.187381,0.425779,0.992115,0.600500,1.000000,1.000000,-0.667573,0.005000,0.008520,-0.707151,0.995000
12.020000,0.125333,0.368125,0.770513,0.968583,0.601000,1.000000,1.000000,0.138283,0.010000,0.016931,-0.809165,0.990000
12.030000,0.187381,0.535827,0.968583,0.929776,0.601500,1.000000,1.000000,-1.415526,0.015000,0.025158,-0.891263,0.985000
12.040000,0.248690,0.684547,0.982287,0.876307,0.602000,1.000000,1.000000,-1.139328,0.020000,0.033129,-0.951367,0.980000
12.050000,0.309017,0.809017,0.809017,0.809017,0.602500,1.000000,1.000000,0.510325,0.025000,0.040775,-0.987933,0.975000
12.060000,0.368125,0.904827,0.481754,0.728969,0.603000,1.000000,1.000000,-0.303153,0.030000,0.048029,-0.999997,0.970000
12.070000,0.425779,0.968583,0.062791,0.637424,0.603500,1.000000,1.000000,-0.453236,0.035000,0.054829,-0.987202,0.965000
12.080000,0.481754,0.998027,-0.368125,0.535827,0.604000,1.000000,1.000000,0.317635,0.040000,0.061115,-0.949806,0.960000
12.090000,0.535827,0.992115,-0.728969,0.425779,0.604500,1.000000,1.000000,-0.584871,0.045000,0.066835,-0.888684,0.955000
12.100000,0.587785,0.951057,-0.951057,0.309017,0.605000,1.000000,1.000000,-0.686291,0.050000,0.071939,-0.805308,0.950000
12.110000,0.637424,0.876307,-0.992115,0.187381,0.605500,1.000000,1.000000,-0.459810,0.055000,0.076386,-0.701711,0.945000
12.120000,0.684547,0.770513,-0.844328,0.062791,0.606000,1.000000,1.000000,0.602621,0.060000,0.080137,-0.580441,0.940000
12.130000,0.728969,0.637424,-0.535827,-0.062791,0.606500,1.000000,1.000000,0.059820,0.065000,0.083164,-0.444504,0.935000
12.140000,0.770513,0.481754,-0.125333,-0.187381,0.607000,1.000000,1.000000,-1.194598,0.070000,0.085442,-0.297282,0.930000
12.150000,0.809017,0.309017,0.309017,-0.309017,0.607500,1.000000,1.000000,-0.303057,0.075000,0.086953,-0.142456,0.925000
12.160000,0.844328,0.125333,0.684547,-0.425779,0.608000,1.000000,1.000000,0.648224,0.080000,0.087688,0.016084,0.920000
12.170000,0.876307,-0.062791,0.929776,-0.535827,0.608500,1.000000,1.000000,1.870752,0.085000,0.087642,0.174343,0.915000
12.180000,0.904827,-0.248690,0.998027,-0.637424,0.609000,1.000000,1.000000,-1.142354,0.090000,0.086820,0.328313,0.910000
12.190000,0.929776,-0.425779,0.876307,-0.728969,0.609500,1.000000,1.000000,0.338535,0.095000,0.085232,0.474082,0.905000
12.200000,0.951057,-0.587785,0.587785,-0.809017,0.610000,1.000000,1.000000,-0.258748,0.100000,0.082895,0.607930,0.900000
12.210000,0.968583,-0.728969,0.187381,-0.876307,0.610500,1.000000,1.000000,0.825519,0.105000,0.079832,0.726426,0.895000
12.220000,0.982287,-0.844328,-0.248690,-0.929776,0.611000,1.000000,1.000000,0.449555,0.110000,0.076075,0.826515,0.890000
12.230000,0.992115,-0.929776,-0.637424,-0.968583,0.611500,1.000000,1.000000,1.472177,0.115000,0.071658,0.905601,0.885000
12.240000,0.998027,-0.982287,-0.904827,-0.992115,0.612000,1.000000,1.000000,0.519451,0.120000,0.066623,0.961615,0.880000
12.250000,1.000000,-1.000000,-1.000000,-1.000000,0.612500,1.000000,1.000000,-0.545113,0.125000,0.061019,0.993068,0.875000
12.260000,0.998027,-0.982287,-0.904827,-0.992115,0.613000,1.000000,1.000000,-0.538593,0.130000,0.054896,0.999098,0.870000
12.270000,0.992115,-0.929776,-0.637424,-0.968583,0.613500,1.000000,1.000000,0.405550,0.135000,0.048311,0.979490,0.865000
12.280000,0.982287,-0.844328,-0.248690,-0.929776,0.614000,1.000000,1.000000,0.394943,0.140000,0.041324,0.934687,0.860000
12.290000,0.968583,-0.728969,0.187381,-0.876307,0.614500,1.000000,1.000000,2.397937,0.145000,0.033998,0.865784,0.855000
12.300000,0.951057,-0.587785,0.587785,-0.809017,0.615000,1.000000,1.000000,1.676333,0.150000,0.026401,0.774503,0.850000
12.310000,0.929776,-0.425779,0.876307,-0.728969,0.615500,1.000000,1.000000,-1.173578,0.155000,0.018600,0.663148,0.845000
12.320000,0.904827,-0.248690,0.998027,-0.637424,0.616000,1.000000,1.000000,0.350225,0.160000,0.010665,0.534553,0.840000
12.330000,0.876307,-0.062791,0.929776,-0.535827,0.616500,1.000000,1.000000,-1.330989,0.165000,0.002668,0.392010,0.835000
12.340000,0.844328,0.125333,0.684547,-0.425779,0.617000,1.000000,1.000000,-1.655677,0.170000,-0.005322,0.239184,0.830000
12.350000,0.809017,0.309017,0.309017,-0.309017,0.617500,1.000000,1.000000,0.743546,0.175000,-0.013232,0.080025,0.825000
12.360000,0.770513,0.481754,-0.125333,-0.187381,0.618000,1.000000,1.000000,0.551748,0.180000,-0.020993,-0.081340,0.820000
12.370000,0.728969,0.637424,-0.535827,-0.062791,0.618500,1.000000,1.000000,-1.038568,0.185000,-0.028538,-0.240709,0.815000
12.380000,0.684547,0.770513,-0.844328,0.062791,0.619000,1.000000,1.000000,1.643687,0.190000,-0.035799,-0.393916,0.810000
12.390000,0.637424,0.876307,-0.992115,0.187381,0.619500,1.000000,1.000000,-0.977570,0.195000,-0.042714,-0.536940,0.805000
12.400000,0.587785,0.951057,-0.951057,0.309017,0.620000,1.000000,1.000000,-1.167728,0.200000,-0.049223,-0.666012,0.800000
12.410000,0.535827,0.992115,-0.728969,0.425779,0.620500,1.000000,1.000000,0.652618,0.205000,-0.055270,-0.777712,0.795000
12.420000,0.481754,0.998027,-0.368125,0.535827,0.621000,1.000000,1.000000,0.220939,0.210000,-0.060802,-0.869067,0.790000
12.430000,0.425779,0.968583,0.062791,0.637424,0.621500,1.000000,1.000000,-0.160508,0.215000,-0.065774,-0.937625,0.785000
12.440000,0.368125,0.904827,0.481754,0.728969,0.622000,1.000000,1.000000,-0.067066,0.220000,-0.070143,-0.981526,0.780000
12.450000,0.309017,0.809017,0.809017,0.809017,0.622500,1.000000,1.000000,0.223801,0.225000,-0.073873,-0.999555,0.775000
12.460000,0.248690,0.684547,0.982287,0.876307,0.623000,1.000000,1.000000,-0.139580,0.230000,-0.076934,-0.991175,0.770000
12.470000,0.187381,0.535827,0.968583,0.929776,0.623500,1.000000,1.000000,-0.172505,0.235000,-0.079300,-0.956547,0.765000
12.480000,0.125333,0.368125,0.770513,0.968583,0.624000,1.000000,1.000000,-1.895957,0.240000,-0.080954,-0.896530,0.760000
12.490000,0.062791,0.187381,0.425779,0.992115,0.624500,1.000000,1.000000,-1.341961,0.245000,-0.081884,-0.812658,0.755000
12.500000,-0.000000,0.000000,0.000000,1.000000,0.625000,1.000000,1.000000,0.610950,0.250000,-0.082085,-0.707107,0.750000
12.510000,-0.062791,-0.187381,-0.425779,0.992115,0.625500,1.000000,1.000000,-0.704301,0.255000,-0.081557,-0.582639,0.745000
12.520000,-0.125333,-0.368125,-0.770513,0.968583,0.626000,1.000000,1.000000,0.545193,0.260000,-0.080309,-0.442533,0.740000
12.530000,-0.187381,-0.535827,-0.968583,0.929776,0.626500,1.000000,1.000000,1.235464,0.265000,-0.078354,-0.290495,0.735000
12.540000,-0.248690,-0.684547,-0.982287,0.876307,0.627000,1.000000,1.000000,-0.354951,0.270000,-0.075713,-0.130568,0.730000
12.550000,-0.309017,-0.809017,-0.809017,0.809017,0.627500,1.000000,1.000000,0.282970,0.275000,-0.072411,0.032981,0.725000
12.560000,-0.368125,-0.904827,-0.481754,0.728969,0.628000,1.000000,1.000000,2.076476,0.280000,-0.068480,0.195768,0.720000
12.570000,-0.425779,-0.968583,-0.062791,0.637424,0.628500,1.000000,1.000000,0.694936,0.285000,-0.063958,0.353416,0.715000
12.580000,-0.481754,-0.998027,0.368125,0.535827,0.629000,1.000000,1.000000,1.841874,0.290000,-0.058888,0.501668,0.710000
12.590000,-0.535827,-0.992115,0.728969,0.425779,0.629500,1.000000,1.000000,1.533407,0.295000,-0.053315,0.636504,0.705000
12.600000,-0.587785,-0.951057,0.951057,0.309017,0.630000,1.000000,1.000000,0.753360,0.300000,-0.047293,0.754251,0.700000
12.610000,-0.637424,-0.876307,0.992115,0.187381,0.630500,1.000000,1.000000,-0.111894,0.305000,-0.040875,0.851687,0.695000
12.620000,-0.684547,-0.770513,0.844328,0.062791,0.631000,1.000000,1.000000,-0.841994,0.310000,-0.034121,0.926124,0.690000
12.630000,-0.728969,-0.637424,0.535827,-0.062791,0.631500,1.000000,1.000000,-1.111698,0.315000,-0.027092,0.975490,0.685000
12.640000,-0.770513,-0.481754,0.125333,-0.187381,0.632000,1.000000,1.000000,0.486329,0.320000,-0.019850,0.998387,0.680000
12.650000,-0.809017,-0.309017,-0.309017,-0.309017,0.632500,1.000000,1.000000,0.468183,0.325000,-0.012461,0.994132,0.675000
12.660000,-0.844328,-0.125333,-0.684547,-0.425779,0.633000,1.000000,1.000000,-0.174622,0.330000,-0.004992,0.962779,0.670000
12.670000,-0.876307,0.062791,-0.929776,-0.535827,0.633500,1.000000,1.000000,0.848466,0.335000,0.002492,0.905121,0.665000
12.680000,-0.904827,0.248690,-0.998027,-0.637424,0.634000,1.000000,1.000000,-0.604537,0.340000,0.009924,0.822676,0.660000
12.690000,-0.929776,0.425779,-0.876307,-0.728969,0.634500,1.000000,1.000000,1.110219,0.345000,0.017239,0.717645,0.655000
12.700000,-0.951057,0.587785,-0.587785,-0.809017,0.635000,1.000000,1.000000,0.040007,0.350000,0.024371,0.592857,0.650000
12.710000,-0.968583,0.728969,-0.187381,-0.876307,0.635500,1.000000,1.000000,-0.036327,0.355000,0.031259,0.451694,0.645000
12.720000,-0.982287,0.844328,0.248690,-0.929776,0.636000,1.000000,1.000000,-0.000273,0.360000,0.037843,0.298001,0.640000
12.730000,-0.992115,0.929776,0.637424,-0.968583,0.636500,1.000000,1.000000,-0.098591,0.365000,0.044064,0.135985,0.635000
12.740000,-0.998027,0.982287,0.904827,-0.992115,0.637000,1.000000,1.000000,2.488264,0.370000,0.049871,-0.029904,0.630000
12.750000,-1.000000,1.000000,1.000000,-1.000000,0.637500,1.000000,1.000000,-1.611520,0.375000,0.055212,-0.195090,0.625000
12.760000,-0.998027,0.982287,0.904827,-0.992115,0.638000,1.000000,1.000000,0.177223,0.380000,0.060043,-0.355003,0.620000
12.770000,-0.992115,0.929776,0.637424,-0.968583,0.638500,1.000000,1.000000,1.244106,0.385000,0.064322,-0.505197,0.615000
12.780000,-0.982287,0.844328,0.248690,-0.929776,0.639000,1.000000,1.000000,0.717513,0.390000,0.068014,-0.641482,0.610000
12.790000,-0.968583,0.728969,-0.187381,-0.876307,0.639500,1.000000,1.000000,-0.302082,0.395000,0.071089,-0.760039,0.605000
12.800000,-0.951057,0.587785,-0.587785,-0.809017,0.640000,1.000000,1.000000,1.740121,0.400000,0.073521,-0.857527,0.600000
12.810000,-0.929776,0.425779,-0.876307,-0.728969,0.640500,1.000000,1.000000,-1.068493,0.405000,0.075292,-0.931181,0.595000
12.820000,-0.904827,0.248690,-0.998027,-0.637424,0.641000,1.000000,1.000000,-1.306296,0.410000,0.076389,-0.978890,0.590000
12.830000,-0.876307,0.062791,-0.929776,-0.535827,0.641500,1.000000,1.000000,0.568071,0.415000,0.076804,-0.999263,0.585000
12.840000,-0.844328,-0.125333,-0.684547,-0.425779,0.642000,1.000000,1.000000,-1.454470,0.420000,0.076537,-0.991668,0.580000
12.850000,-0.809017,-0.309017,-0.309017,-0.309017,0.642500,1.000000,1.000000,-2.377950,0.425000,0.075593,-0.956254,0.575000
12.860000,-0.770513,-0.481754,0.125333,-0.187381,0.643000,1.000000,1.000000,0.882887,0.430000,0.073983,-0.893954,0.570000
12.870000,-0.728969,-0.637424,0.535827,-0.062791,0.643500,1.000000,1.000000,0.761350,0.435000,0.071723,-0.806461,0.565000
12.880000,-0.684547,-0.770513,0.844328,0.062791,0.644000,1.000000,1.000000,0.732287,0.440000,0.068837,-0.696183,0.560000
12.890000,-0.637424,-0.876307,0.992115,0.187381,0.644500,1.000000,1.000000,-0.487471,0.445000,0.065352,-0.566182,0.555000
12.900000,-0.587785,-0.951057,0.951057,0.309017,0.645000,1.000000,1.000000,0.182946,0.450000,0.061302,-0.420086,0.550000
12.910000,-0.535827,-0.992115,0.728969,0.425779,0.645500,1.000000,1.000000,-0.965327,0.455000,0.056725,-0.261994,0.545000
12.920000,-0.481754,-0.998027,0.368125,0.535827,0.646000,1.000000,1.000000,1.734351,0.460000,0.051664,-0.096360,0.540000
12.930000,-0.425779,-0.968583,-0.062791,0.637424,0.646500,1.000000,1.000000,0.791024,0.465000,0.046165,0.072131,0.535000
12.940000,-0.368125,-0.904827,-0.481754,0.728969,0.647000,1.000000,1.000000,0.742256,0.470000,0.040278,0.238696,0.530000
12.950000,-0.309017,-0.809017,-0.809017,0.809017,0.647500,1.000000,1.000000,-1.949985,0.475000,0.034058,0.398589,0.525000
12.960000,-0.248690,-0.684547,-0.982287,0.876307,0.648000,1.000000,1.000000,0.807302,0.480000,0.027562,0.547236,0.520000
12.970000,-0.187381,-0.535827,-0.968583,0.929776,0.648500,1.000000,1.000000,1.493972,0.485000,0.020846,0.680368,0.515000
12.980000,-0.125333,-0.368125,-0.770513,0.968583,0.649000,1.000000,1.000000,1.216262,0.490000,0.013973,0.794143,0.510000
12.990000,-0.062791,-0.187381,-0.425779,0.992115,0.649500,1.000000,1.000000,0.789130,0.495000,0.007004,0.885261,0.505000
13.000000,0.000000,-0.000000,-0.000000,1.000000,0.650000,-1.000000,1.000000,-0.000957,0.500000,0.000000,0.951057,0.500000
13.010000,0.062791,0.187381,0.425779,0.992115,0.650500,-1.000000,1.000000,-0.341833,0.505000,-0.006976,0.989585,0.495000
13.020000,0.125333,0.368125,0.770513,0.968583,0.651000,-1.000000,1.000000,0.601642,0.510000,-0.013862,0.999678,0.490000
13.030000,0.187381,0.535827,0.968583,0.929776,0.651500,-1.000000,1.000000,0.382769,0.515000,-0.020598,0.980981,0.485000
13.040000,0.248690,0.684547,0.982287,0.876307,0.652000,-1.000000,1.000000,0.236375,0.520000,-0.027124,0.933970,0.480000
13.050000,0.309017,0.809017,0.809017,0.809017,0.652500,-1.000000,1.000000,-0.309225,0.525000,-0.033384,0.859941,0.475000
13.060000,0.368125,0.904827,0.481754,0.728969,0.653000,-1.000000,1.000000,1.681257,0.530000,-0.039323,0.760977,0.470000
13.070000,0.425779,0.968583,0.062791,0.637424,0.653500,-1.000000,1.000000,-1.167843,0.535000,-0.044890,0.639890,0.465000
13.080000,0.481754,0.998027,-0.368125,0.535827,0.654000,-1.000000,1.000000,-0.022632,0.540000,-0.050037,0.500145,0.460000
13.090000,0.535827,0.992115,-0.728969,0.425779,0.654500,-1.000000,1.000000,-0.580181,0.545000,-0.054720,0.345763,0.455000
13.100000,0.587785,0.951057,-0.951057,0.309017,0.655000,-1.000000,1.000000,1.032043,0.550000,-0.058899,0.181206,0.450000
13.110000,0.637424,0.876307,-0.992115,0.187381,0.655500,-1.000000,1.000000,1.430482,0.555000,-0.062539,0.011247,0.445000
13.120000,0.684547,0.770513,-0.844328,0.062791,0.656000,-1.000000,1.000000,1.244089,0.560000,-0.065611,-0.159164,0.440000
13.130000,0.728969,0.637424,-0.535827,-0.062791,0.656500,-1.000000,1.000000,0.755407,0.565000,-0.068089,-0.325047,0.435000
13.140000,0.770513,0.481754,-0.125333,-0.187381,0.657000,-1.000000,1.000000,-1.402602,0.570000,-0.069954,-0.481533,0.430000
13.150000,0.809017,0.309017,0.309017,-0.309017,0.657500,-1.000000,1.000000,2.081233,0.575000,-0.071191,-0.624016,0.425000
13.160000,0.844328,0.125333,0.684547,-0.425779,0.658000,-1.000000,1.000000,0.516696,0.580000,-0.071793,-0.748280,0.420000
13.170000,0.876307,-0.062791,0.929776,-0.535827,0.658500,-1.000000,1.000000,-0.108463,0.585000,-0.071755,-0.850631,0.415000
13.180000,0.904827,-0.248690,0.998027,-0.637424,0.659000,-1.000000,1.000000,0.021501,0.590000,-0.071082,-0.928008,0.410000
13.190000,0.929776,-0.425779,0.876307,-0.728969,0.659500,-1.000000,1.000000,-0.339519,0.595000,-0.069782,-0.978074,0.405000
13.200000,0.951057,-0.587785,0.587785,-0.809017,0.660000,-1.000000,1.000000,0.423881,0.600000,-0.067869,-0.999289,0.400000
13.210000,0.968583,-0.728969,0.187381,-0.876307,0.660500,-1.000000,1.000000,0.310168,0.605000,-0.065361,-0.990965,0.395000
13.220000,0.982287,-0.844328,-0.248690,-0.929776,0.661000,-1.000000,1.000000,-0.360100,0.610000,-0.062285,-0.953284,0.390000
13.230000,0.992115,-0.929776,-0.637424,-0.968583,0.661500,-1.000000,1.000000,-2.569891,0.615000,-0.058668,-0.887298,0.385000
13.240000,0.998027,-0.982287,-0.904827,-0.992115,0.662000,-1.000000,1.000000,-0.035121,0.620000,-0.054547,-0.794906,0.380000
13.250000,1.000000,-1.000000,-1.000000,-1.000000,0.662500,-1.000000,1.000000,0.476836,0.625000,-0.049958,-0.678801,0.375000
13.260000,0.998027,-0.982287,-0.904827,-0.992115,0.663000,-1.000000,1.000000,0.526168,0.630000,-0.044945,-0.542389,0.370000
13.270000,0.992115,-0.929776,-0.637424,-0.968583,0.663500,-1.000000,1.000000,-0.153465,0.635000,-0.039553,-0.389696,0.365000
13.280000,0.982287,-0.844328,-0.248690,-0.929776,0.664000,-1.000000,1.000000,0.453315,0.640000,-0.033833,-0.225250,0.360000
13.290000,0.968583,-0.728969,0.187381,-0.876307,0.664500,-1.000000,1.000000,1.028319,0.645000,-0.027835,-0.053946,0.355000
13.300000,0.951057,-0.587785,0.587785,-0.809017,0.665000,-1.000000,1.000000,-0.470250,0.650000,-0.021615,0.119097,0.350000
13.310000,0.929776,-0.425779,0.876307,-0.728969,0.665500,-1.000000,1.000000,1.466279,0.655000,-0.015228,0.288691,0.345000
13.320000,0.904827,-0.248690,0.998027,-0.637424,0.666000,-1.000000,1.000000,-1.955158,0.660000,-0.008732,0.449731,0.340000
13.330000,0.876307,-0.062791,0.929776,-0.535827,0.666500,-1.000000,1.000000,-1.261049,0.665000,-0.002184,0.597351,0.335000
13.340000,0.844328,0.125333,0.684547,-0.425779,0.667000,-1.000000,1.000000,-0.905145,0.670000,0.004357,0.727073,0.330000
13.350000,0.809017,0.309017,0.309017,-0.309017,0.667500,-1.000000,1.000000,-2.444467,0.675000,0.010833,0.834944,0.325000
13.360000,0.770513,0.481754,-0.125333,-0.187381,0.668000,-1.000000,1.000000,-0.999763,0.680000,0.017188,0.917655,0.320000
13.370000,0.728969,0.637424,-0.535827,-0.062791,0.668500,-1.000000,1.000000,1.248372,0.685000,0.023365,0.972648,0.315000
13.380000,0.684547,0.770513,-0.844328,0.062791,0.669000,-1.000000,1.000000,1.241529,0.690000,0.029310,0.998197,0.310000
13.390000,0.637424,0.876307,-0.992115,0.187381,0.669500,-1.000000,1.000000,0.097358,0.695000,0.034971,0.993462,0.305000
13.400000,0.587785,0.951057,-0.951057,0.309017,0.670000,-1.000000,1.000000,1.721002,0.700000,0.040300,0.958522,0.300000
13.410000,0.535827,0.992115,-0.728969,0.425779,0.670500,-1.000000,1.000000,0.239490,0.705000,0.045251,0.894376,0.295000
13.420000,0.481754,0.998027,-0.368125,0.535827,0.671000,-1.000000,1.000000,-0.497812,0.710000,0.049781,0.802917,0.290000
13.430000,0.425779,0.968583,0.062791,0.637424,0.671500,-1.000000,1.000000,0.241631,0.715000,0.053851,0.686880,0.285000
13.440000,0.368125,0.904827,0.481754,0.728969,0.672000,-1.000000,1.000000,-0.137147,0.720000,0.057429,0.549758,0.280000
13.450000,0.309017,0.809017,0.809017,0.809017,0.672500,-1.000000,1.000000,0.735933,0.725000,0.060482,0.395706,0.275000
13.460000,0.248690,0.684547,0.982287,0.876307,0.673000,-1.000000,1.000000,-1.503051,0.730000,0.062988,0.229411,0.270000
13.470000,0.187381,0.535827,0.968583,0.929776,0.673500,-1.000000,1.000000,0.999415,0.735000,0.064925,0.055954,0.265000
13.480000,0.125333,0.368125,0.770513,0.968583,0.674000,-1.000000,1.000000,-0.459527,0.740000,0.066280,-0.119347,0.260000
13.490000,0.062791,0.187381,0.425779,0.992115,0.674500,-1.000000,1.000000,0.855323,0.745000,0.067041,-0.291096,0.255000
13.500000,0.000000,0.000000,-0.000000,1.000000,0.675000,-1.000000,1.000000,-1.541040,0.750000,0.067206,-0.453990,0.250000
13.510000,-0.062791,-0.187381,-0.425779,0.992115,0.675500,-1.000000,1.000000,-0.419259,0.755000,0.066774,-0.602980,0.245000
13.520000,-0.125333,-0.368125,-0.770513,0.968583,0.676000,-1.000000,1.000000,0.078063,0.760000,0.065752,-0.733426,0.240000
13.530000,-0.187381,-0.535827,-0.968583,0.929776,0.676500,-1.000000,1.000000,0.901453,0.765000,0.064151,-0.841250,0.235000
13.540000,-0.248690,-0.684547,-0.982287,0.876307,0.677000,-1.000000,1.000000,-1.217531,0.770000,0.061988,-0.923060,0.230000
13.550000,-0.309017,-0.809017,-0.809017,0.809017,0.677500,-1.000000,1.000000,1.667444,0.775000,0.059285,-0.976258,0.225000
13.560000,-0.368125,-0.904827,-0.481754,0.728969,0.678000,-1.000000,1.000000,0.482663,0.780000,0.056067,-0.999130,0.220000
13.570000,-0.425779,-0.968583,-0.062791,0.637424,0.678500,-1.000000,1.000000,-0.525775,0.785000,0.052365,-0.990898,0.215000
13.580000,-0.481754,-0.998027,0.368125,0.535827,0.679000,-1.000000,1.000000,1.217302,0.790000,0.048213,-0.951753,0.210000
13.590000,-0.535827,-0.992115,0.728969,0.425779,0.679500,-1.000000,1.000000,0.102711,0.795000,0.043651,-0.882853,0.205000
13.600000,-0.587785,-0.951057,0.951057,0.309017,0.680000,-1.000000,1.000000,1.158297,0.800000,0.038720,-0.786288,0.200000
13.610000,-0.637424,-0.876307,0.992115,0.187381,0.680500,-1.000000,1.000000,2.323148,0.805000,0.033466,-0.665027,0.195000
13.620000,-0.684547,-0.770513,0.844328,0.062791,0.681000,-1.000000,1.000000,0.768528,0.810000,0.027936,-0.522820,0.190000
13.630000,-0.728969,-0.637424,0.535827,-0.062791,0.681500,-1.000000,1.000000,-0.526679,0.815000,0.022181,-0.364090,0.185000
13.640000,-0.770513,-0.481754,0.125333,-0.187381,0.682000,-1.000000,1.000000,-0.425707,0.820000,0.016252,-0.193796,0.180000
13.650000,-0.809017,-0.309017,-0.309017,-0.309017,0.682500,-1.000000,1.000000,0.582554,0.825000,0.010203,-0.017278,0.175000
13.660000,-0.844328,-0.125333,-0.684547,-0.425779,0.683000,-1.000000,1.000000,0.287905,0.830000,0.004087,0.159909,0.170000
13.670000,-0.876307,0.062791,-0.929776,-0.535827,0.683500,-1.000000,1.000000,-0.833030,0.835000,-0.002040,0.332168,0.165000
13.680000,-0.904827,0.248690,-0.998027,-0.637424,0.684000,-1.000000,1.000000,-0.668110,0.840000,-0.008125,0.494039,0.160000
13.690000,-0.929776,0.425779,-0.876307,-0.728969,0.684500,-1.000000,1.000000,0.665782,0.845000,-0.014114,0.640372,0.155000
13.700000,-0.951057,0.587785,-0.587785,-0.809017,0.685000,-1.000000,1.000000,2.346698,0.850000,-0.019953,0.766493,0.150000
13.710000,-0.968583,0.728969,-0.187381,-0.876307,0.685500,-1.000000,1.000000,-2.630367,0.855000,-0.025593,0.868351,0.145000
13.720000,-0.982287,0.844328,0.248690,-0.929776,0.686000,-1.000000,1.000000,0.723916,0.860000,-0.030983,0.942655,0.140000
13.730000,-0.992115,0.929776,0.637424,-0.968583,0.686500,-1.000000,1.000000,-0.211047,0.865000,-0.036077,0.986981,0.135000
13.740000,-0.998027,0.982287,0.904827,-0.992115,0.687000,-1.000000,1.000000,0.779365,0.870000,-0.040831,0.999850,0.130000
13.750000,-1.000000,1.000000,1.000000,-1.000000,0.687500,-1.000000,1.000000,0.867721,0.875000,-0.045204,0.980785,0.125000
13.760000,-0.998027,0.982287,0.904827,-0.992115,0.688000,-1.000000,1.000000,0.052838,0.880000,-0.049159,0.930331,0.120000
13.770000,-0.992115,0.929776,0.637424,-0.968583,0.688500,-1.000000,1.000000,-1.015974,0.885000,-0.052662,0.850036,0.115000
13.780000,-0.982287,0.844328,0.248690,-0.929776,0.689000,-1.000000,1.000000,-1.397052,0.890000,-0.055685,0.742416,0.110000
13.790000,-0.968583,0.728969,-0.187381,-0.876307,0.689500,-1.000000,1.000000,-1.874179,0.895000,-0.058203,0.610869,0.105000
13.800000,-0.951057,0.587785,-0.587785,-0.809017,0.690000,-1.000000,1.000000,1.222346,0.900000,-0.060194,0.459580,0.100000
13.810000,-0.929776,0.425779,-0.876307,-0.728969,0.690500,-1.000000,1.000000,-0.209702,0.905000,-0.061644,0.293380,0.095000
13.820000,-0.904827,0.248690,-0.998027,-0.637424,0.691000,-1.000000,1.000000,-0.540275,0.910000,-0.062542,0.117600,0.090000
13.830000,-0.876307,0.062791,-0.929776,-0.535827,0.691500,-1.000000,1.000000,-0.277719,0.915000,-0.062882,-0.062101,0.085000
13.840000,-0.844328,-0.125333,-0.684547,-0.425779,0.692000,-1.000000,1.000000,-1.339468,0.920000,-0.062664,-0.239916,0.080000
13.850000,-0.809017,-0.309017,-0.309017,-0.309017,0.692500,-1.000000,1.000000,0.304615,0.925000,-0.061891,-0.410082,0.075000
13.860000,-0.770513,-0.481754,0.125333,-0.187381,0.693000,-1.000000,1.000000,1.318701,0.930000,-0.060572,-0.567062,0.070000
13.870000,-0.728969,-0.637424,0.535827,-0.062791,0.693500,-1.000000,1.000000,1.138461,0.935000,-0.058722,-0.705728,0.065000
13.880000,-0.684547,-0.770513,0.844328,0.062791,0.694000,-1.000000,1.000000,-1.565799,0.940000,-0.056359,-0.821532,0.060000
13.890000,-0.637424,-0.876307,0.992115,0.187381,0.694500,-1.000000,1.000000,1.363512,0.945000,-0.053506,-0.910652,0.055000
13.900000,-0.587785,-0.951057,0.951057,0.309017,0.695000,-1.000000,1.000000,-0.764237,0.950000,-0.050190,-0.970127,0.050000
13.910000,-0.535827,-0.992115,0.728969,0.425779,0.695500,-1.000000,1.000000,-1.912952,0.955000,-0.046443,-0.997951,0.045000
13.920000,-0.481754,-0.998027,0.368125,0.535827,0.696000,-1.000000,1.000000,-1.229472,0.960000,-0.042299,-0.993149,0.040000
13.930000,-0.425779,-0.968583,-0.062791,0.637424,0.696500,-1.000000,1.000000,-0.966514,0.965000,-0.037796,-0.955811,0.035000
13.940000,-0.368125,-0.904827,-0.481754,0.728969,0.697000,-1.000000,1.000000,-0.006948,0.970000,-0.032977,-0.887095,0.030000
13.950000,-0.309017,-0.809017,-0.809017,0.809017,0.697500,-1.000000,1.000000,-1.031975,0.975000,-0.027885,-0.789191,0.025000
13.960000,-0.248690,-0.684547,-0.982287,0.876307,0.698000,-1.000000,1.000000,-1.510245,0.980000,-0.022565,-0.665262,0.020000
13.970000,-0.187381,-0.535827,-0.968583,0.929776,0.698500,-1.000000,1.000000,-0.264494,0.985000,-0.017068,-0.519334,0.015000
13.980000,-0.125333,-0.368125,-0.770513,0.968583,0.699000,-1.000000,1.000000,1.923904,0.990000,-0.011440,-0.356177,0.010000
13.990000,-0.062791,-0.187381,-0.425779,0.992115,0.699500,-1.000000,1.000000,-0.702351,0.995000,-0.005734,-0.181144,0.005000
14.000000,-0.000000,0.000000,-0.000000,1.000000,0.700000,-1.000000,1.000000,0.464254,0.000000,0.000000,0.000000,0.000000
14.010000,0.062791,0.187381,0.425779,0.992115,0.700500,1.000000,1.000000,0.079947,0.005000,0.005711,0.181268,0.005000
14.020000,0.125333,0.368125,0.770513,0.968583,0.701000,1.000000,1.000000,2.658068,0.010000,0.011349,0.356647,0.010000
14.030000,0.187381,0.535827,0.968583,0.929776,0.701500,1.000000,1.000000,-1.898258,0.015000,0.016864,0.520300,0.015000
14.040000,0.248690,0.684547,0.982287,0.876307,0.702000,1.000000,1.000000,1.095382,0.020000,0.022207,0.666761,0.020000
14.050000,0.309017,0.809017,0.809017,0.809017,0.702500,1.000000,1.000000,-1.281385,0.025000,0.027332,0.791117,0.025000
14.060000,0.368125,0.904827,0.481754,0.728969,0.703000,1.000000,1.000000,-0.592415,0.030000,0.032195,0.889174,0.030000
14.070000,0.425779,0.968583,0.062791,0.637424,0.703500,1.000000,1.000000,-0.096682,0.035000,0.036753,0.957604,0.035000
14.080000,0.481754,0.998027,-0.368125,0.535827,0.704000,1.000000,1.000000,3.186086,0.040000,0.040967,0.994057,0.040000
14.090000,0.535827,0.992115,-0.728969,0.425779,0.704500,1.000000,1.000000,-0.763005,0.045000,0.044801,0.997248,0.045000
14.100000,0.587785,0.951057,-0.951057,0.309017,0.705000,1.000000,1.000000,-1.888884,0.050000,0.048222,0.967001,0.050000
14.110000,0.637424,0.876307,-0.992115,0.187381,0.705500,1.000000,1.000000,1.297364,0.055000,0.051203,0.904264,0.055000
14.120000,0.684547,0.770513,-0.844328,0.062791,0.706000,1.000000,1.000000,-0.839236,0.060000,0.053718,0.811080,0.060000
14.130000,0.728969,0.637424,-0.535827,-0.062791,0.706500,1.000000,1.000000,-0.242950,0.065000,0.055747,0.690524,0.065000
14.140000,0.770513,0.481754,-0.125333,-0.187381,0.707000,1.000000,1.000000,-0.024042,0.070000,0.057273,0.546605,0.070000
14.150000,0.809017,0.309017,0.309017,-0.309017,0.707500,1.000000,1.000000,0.096989,0.075000,0.058286,0.384134,0.075000
14.160000,0.844328,0.125333,0.684547,-0.425779,0.708000,1.000000,1.000000,-0.170139,0.080000,0.058779,0.208567,0.080000
14.170000,0.876307,-0.062791,0.929776,-0.535827,0.708500,1.000000,1.000000,0.267756,0.085000,0.058748,0.025821,0.085000
14.180000,0.904827,-0.248690,0.998027,-0.637424,0.709000,1.000000,1.000000,0.387360,0.090000,0.058197,-0.157924,0.090000
14.190000,0.929776,-0.425779,0.876307,-0.728969,0.709500,1.000000,1.000000,0.853923,0.095000,0.057133,-0.336431,0.095000
14.200000,0.951057,-0.587785,0.587785,-0.809017,0.710000,1.000000,1.000000,-0.427233,0.100000,0.055566,-0.503623,0.100000
14.210000,0.968583,-0.728969,0.187381,-0.876307,0.710500,1.000000,1.000000,-0.748730,0.105000,0.053513,-0.653785,0.105000
14.220000,0.982287,-0.844328,-0.248690,-0.929776,0.711000,1.000000,1.000000,-1.063550,0.110000,0.050994,-0.781764,0.110000
14.230000,0.992115,-0.929776,-0.637424,-0.968583,0.711500,1.000000,1.000000,0.592709,0.115000,0.048034,-0.883147,0.115000
14.240000,0.998027,-0.982287,-0.904827,-0.992115,0.712000,1.000000,1.000000,-0.046298,0.120000,0.044659,-0.954416,0.120000
14.250000,1.000000,-1.000000,-1.000000,-1.000000,0.712500,1.000000,1.000000,0.553205,0.125000,0.040902,-0.993068,0.125000
14.260000,0.998027,-0.982287,-0.904827,-0.992115,0.713000,1.000000,1.000000,0.538196,0.130000,0.036798,-0.997716,0.130000
14.270000,0.992115,-0.929776,-0.637424,-0.968583,0.713500,1.000000,1.000000,1.685877,0.135000,0.032384,-0.968128,0.135000
14.280000,0.982287,-0.844328,-0.248690,-0.929776,0.714000,1.000000,1.000000,0.207505,0.140000,0.027700,-0.905255,0.140000
14.290000,0.968583,-0.728969,0.187381,-0.876307,0.714500,1.000000,1.000000,0.752371,0.145000,0.022790,-0.811190,0.145000
14.300000,0.951057,-0.587785,0.587785,-0.809017,0.715000,1.000000,1.000000,-1.202590,0.150000,0.017697,-0.689114,0.150000
14.310000,0.929776,-0.425779,0.876307,-0.728969,0.715500,1.000000,1.000000,-1.080302,0.155000,0.012468,-0.543180,0.155000
14.320000,0.904827,-0.248690,0.998027,-0.637424,0.716000,1.000000,1.000000,-0.311738,0.160000,0.007149,-0.378384,0.160000
14.330000,0.876307,-0.062791,0.929776,-0.535827,0.716500,1.000000,1.000000,-1.216718,0.165000,0.001788,-0.200387,0.165000
14.340000,0.844328,0.125333,0.684547,-0.425779,0.717000,1.000000,1.000000,0.689593,0.170000,-0.003567,-0.015330,0.170000
14.350000,0.809017,0.309017,0.309017,-0.309017,0.717500,1.000000,1.000000,-1.333053,0.175000,-0.008870,0.170381,0.175000
14.360000,0.770513,0.481754,-0.125333,-0.187381,0.718000,1.000000,1.000000,0.068383,0.180000,-0.014072,0.350299,0.180000
14.370000,0.728969,0.637424,-0.535827,-0.062791,0.718500,1.000000,1.000000,-2.458096,0.185000,-0.019129,0.518152,0.185000
14.380000,0.684547,0.770513,-0.844328,0.062791,0.719000,1.000000,1.000000,-1.104780,0.190000,-0.023997,0.668072,0.190000
14.390000,0.637424,0.876307,-0.992115,0.187381,0.719500,1.000000,1.000000,-0.339035,0.195000,-0.028632,0.794792,0.195000
14.400000,0.587785,0.951057,-0.951057,0.309017,0.720000,1.000000,1.000000,-0.259040,0.200000,-0.032995,0.893841,0.200000
14.410000,0.535827,0.992115,-0.728969,0.425779,0.720500,1.000000,1.000000,-1.791646,0.205000,-0.037048,0.961701,0.205000
14.420000,0.481754,0.998027,-0.368125,0.535827,0.721000,1.000000,1.000000,0.108669,0.210000,-0.040757,0.995932,0.210000
14.430000,0.425779,0.968583,0.062791,0.637424,0.721500,1.000000,1.000000,0.974864,0.215000,-0.044090,0.995268,0.215000
14.440000,0.368125,0.904827,0.481754,0.728969,0.722000,1.000000,1.000000,0.648240,0.220000,-0.047018,0.959660,0.220000
14.450000,0.309017,0.809017,0.809017,0.809017,0.722500,1.000000,1.000000,-0.658583,0.225000,-0.049519,0.890292,0.225000
14.460000,0.248690,0.684547,0.982287,0.876307,0.723000,1.000000,1.000000,-0.587297,0.230000,-0.051570,0.789538,0.230000
14.470000,0.187381,0.535827,0.968583,0.929776,0.723500,1.000000,1.000000,-1.186300,0.235000,-0.053156,0.660888,0.235000
14.480000,0.125333,0.368125,0.770513,0.968583,0.724000,1.000000,1.000000,0.629788,0.240000,-0.054265,0.508825,0.240000
14.490000,0.062791,0.187381,0.425779,0.992115,0.724500,1.000000,1.000000,1.441659,0.245000,-0.054889,0.338679,0.245000
14.500000,-0.000000,0.000000,0.000000,1.000000,0.725000,1.000000,1.000000,-0.525955,0.250000,-0.055023,0.156434,0.250000
14.510000,-0.062791,-0.187381,-0.425779,0.992115,0.725500,1.000000,1.000000,-1.697818,0.255000,-0.054670,-0.031474,0.255000
14.520000,-0.125333,-0.368125,-0.770513,0.968583,0.726000,1.000000,1.000000,0.200004,0.260000,-0.053833,-0.218389,0.260000
14.530000,-0.187381,-0.535827,-0.968583,0.929776,0.726500,1.000000,1.000000,0.707769,0.265000,-0.052522,-0.397667,0.265000
14.540000,-0.248690,-0.684547,-0.982287,0.876307,0.727000,1.000000,1.000000,-2.722124,0.270000,-0.050752,-0.562915,0.270000
14.550000,-0.309017,-0.809017,-0.809017,0.809017,0.727500,1.000000,1.000000,0.138356,0.275000,-0.048538,-0.708217,0.275000
14.560000,-0.368125,-0.904827,-0.481754,0.728969,0.728000,1.000000,1.000000,2.164387,0.280000,-0.045903,-0.828350,0.280000
14.570000,-0.425779,-0.968583,-0.062791,0.637424,0.728500,1.000000,1.000000,0.820648,0.285000,-0.042872,-0.918973,0.285000
14.580000,-0.481754,-0.998027,0.368125,0.535827,0.729000,1.000000,1.000000,0.550459,0.290000,-0.039474,-0.976786,0.290000
14.590000,-0.535827,-0.992115,0.728969,0.425779,0.729500,1.000000,1.000000,0.402121,0.295000,-0.035738,-0.999653,0.295000
14.600000,-0.587785,-0.951057,0.951057,0.309017,0.730000,1.000000,1.000000,1.061899,0.300000,-0.031701,-0.986686,0.300000
14.610000,-0.637424,-0.876307,0.992115,0.187381,0.730500,1.000000,1.000000,-0.941167,0.305000,-0.027400,-0.938278,0.305000
14.620000,-0.684547,-0.770513,0.844328,0.062791,0.731000,1.000000,1.000000,-0.845338,0.310000,-0.022872,-0.856101,0.310000
14.630000,-0.728969,-0.637424,0.535827,-0.062791,0.731500,1.000000,1.000000,0.407569,0.315000,-0.018160,-0.743047,0.315000
14.640000,-0.770513,-0.481754,0.125333,-0.187381,0.732000,1.000000,1.000000,-0.685329,0.320000,-0.013306,-0.603130,0.320000
14.650000,-0.809017,-0.309017,-0.309017,-0.309017,0.732500,1.000000,1.000000,0.258702,0.325000,-0.008353,-0.441349,0.325000
14.660000,-0.844328,-0.125333,-0.684547,-0.425779,0.733000,1.000000,1.000000,-1.912562,0.330000,-0.003346,-0.263509,0.330000
14.670000,-0.876307,0.062791,-0.929776,-0.535827,0.733500,1.000000,1.000000,0.757955,0.335000,0.001671,-0.076016,0.335000
14.680000,-0.904827,0.248690,-0.998027,-0.637424,0.734000,1.000000,1.000000,0.846971,0.340000,0.006652,0.114355,0.340000
14.690000,-0.929776,0.425779,-0.876307,-0.728969,0.734500,1.000000,1.000000,0.043678,0.345000,0.011555,0.300699,0.345000
14.700000,-0.951057,0.587785,-0.587785,-0.809017,0.735000,1.000000,1.000000,0.164423,0.350000,0.016336,0.476238,0.350000
14.710000,-0.968583,0.728969,-0.187381,-0.876307,0.735500,1.000000,1.000000,1.620651,0.355000,0.020954,0.634563,0.355000
14.720000,-0.982287,0.844328,0.248690,-0.929776,0.736000,1.000000,1.000000,-1.083095,0.360000,0.025367,0.769872,0.360000
14.730000,-0.992115,0.929776,0.637424,-0.968583,0.736500,1.000000,1.000000,-0.913157,0.365000,0.029537,0.877183,0.365000
14.740000,-0.998027,0.982287,0.904827,-0.992115,0.737000,1.000000,1.000000,-1.093806,0.370000,0.033429,0.952521,0.370000
14.750000,-1.000000,1.000000,1.000000,-1.000000,0.737500,1.000000,1.000000,-0.424730,0.375000,0.037010,0.993068,0.375000
14.760000,-0.998027,0.982287,0.904827,-0.992115,0.738000,1.000000,1.000000,-1.011150,0.380000,0.040248,0.997271,0.380000
14.770000,-0.992115,0.929776,0.637424,-0.968583,0.738500,1.000000,1.000000,0.037048,0.385000,0.043116,0.964905,0.385000
14.780000,-0.982287,0.844328,0.248690,-0.929776,0.739000,1.000000,1.000000,-0.650737,0.390000,0.045591,0.897086,0.390000
14.790000,-0.968583,0.728969,-0.187381,-0.876307,0.739500,1.000000,1.000000,-1.449149,0.395000,0.047652,0.796239,0.395000
14.800000,-0.951057,0.587785,-0.587785,-0.809017,0.740000,1.000000,1.000000,-1.550178,0.400000,0.049283,0.666012,0.400000
14.810000,-0.929776,0.425779,-0.876307,-0.728969,0.740500,1.000000,1.000000,1.211657,0.405000,0.050470,0.511149,0.405000
14.820000,-0.904827,0.248690,-0.998027,-0.637424,0.741000,1.000000,1.000000,-0.068879,0.410000,0.051205,0.337319,0.410000
14.830000,-0.876307,0.062791,-0.929776,-0.535827,0.741500,1.000000,1.000000,-0.227338,0.415000,0.051484,0.150909,0.415000
14.840000,-0.844328,-0.125333,-0.684547,-0.425779,0.742000,1.000000,1.000000,0.026570,0.420000,0.051305,-0.041206,0.420000
14.850000,-0.809017,-0.309017,-0.309017,-0.309017,0.742500,1.000000,1.000000,-0.082362,0.425000,0.050672,-0.231918,0.425000
14.860000,-0.770513,-0.481754,0.125333,-0.187381,0.743000,1.000000,1.000000,0.756113,0.430000,0.049592,-0.414147,0.430000
14.870000,-0.728969,-0.637424,0.535827,-0.062791,0.743500,1.000000,1.000000,0.562259,0.435000,0.048078,-0.581106,0.435000
14.880000,-0.684547,-0.770513,0.844328,0.062791,0.744000,1.000000,1.000000,-0.589708,0.440000,0.046143,-0.726555,0.440000
14.890000,-0.637424,-0.876307,0.992115,0.187381,0.744500,1.000000,1.000000,-0.823527,0.445000,0.043807,-0.845034,0.445000
14.900000,-0.587785,-0.951057,0.951057,0.309017,0.745000,1.000000,1.000000,-1.086721,0.450000,0.041092,-0.932071,0.450000
14.910000,-0.535827,-0.992115,0.728969,0.425779,0.745500,1.000000,1.000000,-1.251131,0.455000,0.038024,-0.984355,0.455000
14.920000,-0.481754,-0.998027,0.368125,0.535827,0.746000,1.000000,1.000000,1.402146,0.460000,0.034631,-0.999862,0.460000
14.930000,-0.425779,-0.968583,-0.062791,0.637424,0.746500,1.000000,1.000000,-0.916539,0.465000,0.030945,-0.977942,0.465000
14.940000,-0.368125,-0.904827,-0.481754,0.728969,0.747000,1.000000,1.000000,-2.019046,0.470000,0.026999,-0.919344,0.470000
14.950000,-0.309017,-0.809017,-0.809017,0.809017,0.747500,1.000000,1.000000,-0.843484,0.475000,0.022830,-0.826197,0.475000
14.960000,-0.248690,-0.684547,-0.982287,0.876307,0.748000,1.000000,1.000000,-0.788362,0.480000,0.018475,-0.701934,0.480000
14.970000,-0.187381,-0.535827,-0.968583,0.929776,0.748500,1.000000,1.000000,0.329852,0.485000,0.013974,-0.551174,0.485000
14.980000,-0.125333,-0.368125,-0.770513,0.968583,0.749000,1.000000,1.000000,-0.885983,0.490000,0.009367,-0.379547,0.490000
14.990000,-0.062791,-0.187381,-0.425779,0.992115,0.749500,1.000000,1.000000,0.534753,0.495000,0.004695,-0.193488,0.495000
15.000000,-0.000000,-0.000000,0.000000,1.000000,0.750000,1.000000,1.000000,0.388527,0.500000,0.000000,-0.000000,0.500000
15.010000,0.062791,0.187381,0.425779,0.992115,0.750500,-1.000000,1.000000,1.266830,0.505000,-0.004676,0.193611,0.505000
15.020000,0.125333,0.368125,0.770513,0.968583,0.751000,-1.000000,1.000000,2.166993,0.510000,-0.009292,0.380012,0.510000
15.030000,0.187381,0.535827,0.968583,0.929776,0.751500,-1.000000,1.000000,2.848904,0.515000,-0.013807,0.552117,0.515000
15.040000,0.248690,0.684547,0.982287,0.876307,0.752000,-1.000000,1.000000,1.350835,0.520000,-0.018182,0.703365,0.520000
15.050000,0.309017,0.809017,0.809017,0.809017,0.752500,-1.000000,1.000000,-1.159700,0.525000,-0.022378,0.827962,0.525000
15.060000,0.368125,0.904827,0.481754,0.728969,0.753000,-1.000000,1.000000,-0.404199,0.530000,-0.026359,0.921115,0.530000
15.070000,0.425779,0.968583,0.062791,0.637424,0.753500,-1.000000,1.000000,0.247646,0.535000,-0.030091,0.979210,0.535000
15.080000,0.481754,0.998027,-0.368125,0.535827,0.754000,-1.000000,1.000000,2.068128,0.540000,-0.033541,0.999963,0.540000
15.090000,0.535827,0.992115,-0.728969,0.425779,0.754500,-1.000000,1.000000,0.676620,0.545000,-0.036680,0.982510,0.545000
15.100000,0.587785,0.951057,-0.951057,0.309017,0.755000,-1.000000,1.000000,1.203372,0.550000,-0.039481,0.927445,0.550000
15.110000,0.637424,0.876307,-0.992115,0.187381,0.755500,-1.000000,1.000000,-0.173952,0.555000,-0.041921,0.836806,0.555000
15.120000,0.684547,0.770513,-0.844328,0.062791,0.756000,-1.000000,1.000000,0.590284,0.560000,-0.043980,0.714004,0.560000
15.130000,0.728969,0.637424,-0.535827,-0.062791,0.756500,-1.000000,1.000000,0.718192,0.565000,-0.045641,0.563693,0.565000
15.140000,0.770513,0.481754,-0.125333,-0.187381,0.757000,-1.000000,1.000000,-0.456308,0.570000,-0.046891,0.391605,0.570000
15.150000,0.809017,0.309017,0.309017,-0.309017,0.757500,-1.000000,1.000000,0.777328,0.575000,-0.047721,0.204325,0.575000
15.160000,0.844328,0.125333,0.684547,-0.425779,0.758000,-1.000000,1.000000,1.070811,0.580000,-0.048124,0.009048,0.580000
15.170000,0.876307,-0.062791,0.929776,-0.535827,0.758500,-1.000000,1.000000,-0.158366,0.585000,-0.048099,-0.186702,0.585000
15.180000,0.904827,-0.248690,0.998027,-0.637424,0.759000,-1.000000,1.000000,1.018147,0.590000,-0.047648,-0.375357,0.590000
15.190000,0.929776,-0.425779,0.876307,-0.728969,0.759500,-1.000000,1.000000,1.647955,0.595000,-0.046776,-0.549600,0.595000
15.200000,0.951057,-0.587785,0.587785,-0.809017,0.760000,-1.000000,1.000000,0.066300,0.600000,-0.045494,-0.702650,0.600000
15.210000,0.968583,-0.728969,0.187381,-0.876307,0.760500,-1.000000,1.000000,0.000322,0.605000,-0.043813,-0.828526,0.605000
15.220000,0.982287,-0.844328,-0.248690,-0.929776,0.761000,-1.000000,1.000000,-0.309617,0.610000,-0.041751,-0.922285,0.610000
15.230000,0.992115,-0.929776,-0.637424,-0.968583,0.761500,-1.000000,1.000000,-0.619309,0.615000,-0.039327,-0.980217,0.615000
15.240000,0.998027,-0.982287,-0.904827,-0.992115,0.762000,-1.000000,1.000000,0.156151,0.620000,-0.036564,-0.999999,0.620000
15.250000,1.000000,-1.000000,-1.000000,-1.000000,0.762500,-1.000000,1.000000,-0.411827,0.625000,-0.033488,-0.980785,0.625000
15.260000,0.998027,-0.982287,-0.904827,-0.992115,0.763000,-1.000000,1.000000,-0.311981,0.630000,-0.030127,-0.923253,0.630000
15.270000,0.992115,-0.929776,-0.637424,-0.968583,0.763500,-1.000000,1.000000,-0.773491,0.635000,-0.026513,-0.829580,0.635000
15.280000,0.982287,-0.844328,-0.248690,-0.929776,0.764000,-1.000000,1.000000,-1.536048,0.640000,-0.022679,-0.703365,0.640000
15.290000,0.968583,-0.728969,0.187381,-0.876307,0.764500,-1.000000,1.000000,-0.937244,0.645000,-0.018659,-0.549495,0.645000
15.300000,0.951057,-0.587785,0.587785,-0.809017,0.765000,-1.000000,1.000000,0.328997,0.650000,-0.014489,-0.373959,0.650000
15.310000,0.929776,-0.425779,0.876307,-0.728969,0.765500,-1.000000,1.000000,-1.183138,0.655000,-0.010208,-0.183615,0.655000
15.320000,0.904827,-0.248690,0.998027,-0.637424,0.766000,-1.000000,1.000000,-0.647974,0.660000,-0.005853,0.014074,0.660000
15.330000,0.876307,-0.062791,0.929776,-0.535827,0.766500,-1.000000,1.000000,1.642160,0.665000,-0.001464,0.211332,0.665000
15.340000,0.844328,0.125333,0.684547,-0.425779,0.767000,-1.000000,1.000000,1.126516,0.670000,0.002921,0.400375,0.670000
15.350000,0.809017,0.309017,0.309017,-0.309017,0.767500,-1.000000,1.000000,-0.693416,0.675000,0.007262,0.573719,0.675000
15.360000,0.770513,0.481754,-0.125333,-0.187381,0.768000,-1.000000,1.000000,0.603379,0.680000,0.011521,0.724480,0.680000
15.370000,0.728969,0.637424,-0.535827,-0.062791,0.768500,-1.000000,1.000000,-0.650286,0.685000,0.015662,0.846643,0.685000
15.380000,0.684547,0.770513,-0.844328,0.062791,0.769000,-1.000000,1.000000,1.627589,0.690000,0.019647,0.935311,0.690000
15.390000,0.637424,0.876307,-0.992115,0.187381,0.769500,-1.000000,1.000000,-0.585694,0.695000,0.023442,0.986900,0.695000
15.400000,0.587785,0.951057,-0.951057,0.309017,0.770000,-1.000000,1.000000,0.081717,0.700000,0.027014,0.999289,0.700000
15.410000,0.535827,0.992115,-0.728969,0.425779,0.770500,-1.000000,1.000000,1.384809,0.705000,0.030333,0.971913,0.705000
15.420000,0.481754,0.998027,-0.368125,0.535827,0.771000,-1.000000,1.000000,-0.827877,0.710000,0.033369,0.905788,0.710000
15.430000,0.425779,0.968583,0.062791,0.637424,0.771500,-1.000000,1.000000,1.304534,0.715000,0.036098,0.803479,0.715000
15.440000,0.368125,0.904827,0.481754,0.728969,0.772000,-1.000000,1.000000,-0.817451,0.720000,0.038495,0.669006,0.720000
15.450000,0.309017,0.809017,0.809017,0.809017,0.772500,-1.000000,1.000000,0.238196,0.725000,0.040543,0.507689,0.725000
15.460000,0.248690,0.684547,0.982287,0.876307,0.773000,-1.000000,1.000000,-0.295615,0.730000,0.042222,0.325938,0.730000
15.470000,0.187381,0.535827,0.968583,0.929776,0.773500,-1.000000,1.000000,-0.088505,0.735000,0.043521,0.131004,0.735000
15.480000,0.125333,0.368125,0.770513,0.968583,0.774000,-1.000000,1.000000,0.160090,0.740000,0.044429,-0.069311,0.740000
15.490000,0.062791,0.187381,0.425779,0.992115,0.774500,-1.000000,1.000000,-0.074344,0.745000,0.044939,-0.266963,0.745000
15.500000,0.000000,0.000000,0.000000,1.000000,0.775000,-1.000000,1.000000,-1.017333,0.750000,0.045049,-0.453990,0.750000
15.510000,-0.062791,-0.187381,-0.425779,0.992115,0.775500,-1.000000,1.000000,0.866580,0.755000,0.044760,-0.622837,0.755000
15.520000,-0.125333,-0.368125,-0.770513,0.968583,0.776000,-1.000000,1.000000,0.720539,0.760000,0.044075,-0.766654,0.760000
15.530000,-0.187381,-0.535827,-0.968583,0.929776,0.776500,-1.000000,1.000000,1.289837,0.765000,0.043002,-0.879585,0.765000
15.540000,-0.248690,-0.684547,-0.982287,0.876307,0.777000,-1.000000,1.000000,1.384948,0.770000,0.041552,-0.957004,0.770000
15.550000,-0.309017,-0.809017,-0.809017,0.809017,0.777500,-1.000000,1.000000,-1.343968,0.775000,0.039740,-0.995709,0.775000
15.560000,-0.368125,-0.904827,-0.481754,0.728969,0.778000,-1.000000,1.000000,1.285511,0.780000,0.037583,-0.994057,0.780000
15.570000,-0.425779,-0.968583,-0.062791,0.637424,0.778500,-1.000000,1.000000,1.297735,0.785000,0.035101,-0.952042,0.785000
15.580000,-0.481754,-0.998027,0.368125,0.535827,0.779000,-1.000000,1.000000,-0.532243,0.790000,0.032318,-0.871296,0.790000
15.590000,-0.535827,-0.992115,0.728969,0.425779,0.779500,-1.000000,1.000000,1.037405,0.795000,0.029260,-0.755035,0.795000
15.600000,-0.587785,-0.951057,0.951057,0.309017,0.780000,-1.000000,1.000000,1.468231,0.800000,0.025955,-0.607930,0.800000
15.610000,-0.637424,-0.876307,0.992115,0.187381,0.780500,-1.000000,1.000000,-0.538836,0.805000,0.022433,-0.435929,0.805000
15.620000,-0.684547,-0.770513,0.844328,0.062791,0.781000,-1.000000,1.000000,-1.378759,0.810000,0.018726,-0.246011,0.810000
15.630000,-0.728969,-0.637424,0.535827,-0.062791,0.781500,-1.000000,1.000000,-0.359537,0.815000,0.014868,-0.045914,0.815000
15.640000,-0.770513,-0.481754,0.125333,-0.187381,0.782000,-1.000000,1.000000,2.792707,0.820000,0.010894,0.156186,0.820000
15.650000,-0.809017,-0.309017,-0.309017,-0.309017,0.782500,-1.000000,1.000000,0.236260,0.825000,0.006839,0.352005,0.825000
15.660000,-0.844328,-0.125333,-0.684547,-0.425779,0.783000,-1.000000,1.000000,-1.214209,0.830000,0.002740,0.533491,0.830000
15.670000,-0.876307,0.062791,-0.929776,-0.535827,0.783500,-1.000000,1.000000,-0.252947,0.835000,-0.001368,0.693155,0.835000
15.680000,-0.904827,0.248690,-0.998027,-0.637424,0.784000,-1.000000,1.000000,-0.994052,0.840000,-0.005447,0.824387,0.840000
15.690000,-0.929776,0.425779,-0.876307,-0.728969,0.784500,-1.000000,1.000000,-0.399281,0.845000,-0.009461,0.921725,0.845000
15.700000,-0.951057,0.587785,-0.587785,-0.809017,0.785000,-1.000000,1.000000,0.095144,0.850000,-0.013375,0.981091,0.850000
15.710000,-0.968583,0.728969,-0.187381,-0.876307,0.785500,-1.000000,1.000000,-2.561597,0.855000,-0.017155,0.999961,0.855000
15.720000,-0.982287,0.844328,0.248690,-0.929776,0.786000,-1.000000,1.000000,0.360401,0.860000,-0.020768,0.977481,0.860000
15.730000,-0.992115,0.929776,0.637424,-0.968583,0.786500,-1.000000,1.000000,1.414670,0.865000,-0.024183,0.914506,0.865000
15.740000,-0.998027,0.982287,0.904827,-0.992115,0.787000,-1.000000,1.000000,-0.197369,0.870000,-0.027370,0.813572,0.870000
15.750000,-1.000000,1.000000,1.000000,-1.000000,0.787500,-1.000000,1.000000,-0.382695,0.875000,-0.030301,0.678801,0.875000
15.760000,-0.998027,0.982287,0.904827,-0.992115,0.788000,-1.000000,1.000000,1.093590,0.880000,-0.032952,0.515732,0.880000
15.770000,-0.992115,0.929776,0.637424,-0.968583,0.788500,-1.000000,1.000000,-1.266639,0.885000,-0.035301,0.331101,0.885000
15.780000,-0.982287,0.844328,0.248690,-0.929776,0.789000,-1.000000,1.000000,-1.245890,0.890000,-0.037327,0.132561,0.890000
15.790000,-0.968583,0.728969,-0.187381,-0.876307,0.789500,-1.000000,1.000000,-1.390536,0.895000,-0.039014,-0.071630,0.895000
15.800000,-0.951057,0.587785,-0.587785,-0.809017,0.790000,-1.000000,1.000000,-0.157378,0.900000,-0.040349,-0.272952,0.900000
15.810000,-0.929776,0.425779,-0.876307,-0.728969,0.790500,-1.000000,1.000000,0.394027,0.905000,-0.041321,-0.462980,0.905000
15.820000,-0.904827,0.248690,-0.998027,-0.637424,0.791000,-1.000000,1.000000,-0.090573,0.910000,-0.041923,-0.633737,0.910000
15.830000,-0.876307,0.062791,-0.929776,-0.535827,0.791500,-1.000000,1.000000,0.549776,0.915000,-0.042151,-0.778028,0.915000
15.840000,-0.844328,-0.125333,-0.684547,-0.425779,0.792000,-1.000000,1.000000,0.830747,0.920000,-0.042005,-0.889748,0.920000
15.850000,-0.809017,-0.309017,-0.309017,-0.309017,0.792500,-1.000000,1.000000,0.496585,0.925000,-0.041486,-0.964142,0.925000
15.860000,-0.770513,-0.481754,0.125333,-0.187381,0.793000,-1.000000,1.000000,-0.808654,0.930000,-0.040603,-0.998011,0.930000
15.870000,-0.728969,-0.637424,0.535827,-0.062791,0.793500,-1.000000,1.000000,-0.268088,0.935000,-0.039363,-0.989855,0.935000
15.880000,-0.684547,-0.770513,0.844328,0.062791,0.794000,-1.000000,1.000000,1.248247,0.940000,-0.037779,-0.939941,0.940000
15.890000,-0.637424,-0.876307,0.992115,0.187381,0.794500,-1.000000,1.000000,-1.046687,0.945000,-0.035866,-0.850301,0.945000
15.900000,-0.587785,-0.951057,0.951057,0.309017,0.795000,-1.000000,1.000000,-0.253424,0.950000,-0.033644,-0.724653,0.950000
15.910000,-0.535827,-0.992115,0.728969,0.425779,0.795500,-1.000000,1.000000,-0.417274,0.955000,-0.031132,-0.568252,0.955000
15.920000,-0.481754,-0.998027,0.368125,0.535827,0.796000,-1.000000,1.000000,-0.180089,0.960000,-0.028354,-0.387670,0.960000
15.930000,-0.425779,-0.968583,-0.062791,0.637424,0.796500,-1.000000,1.000000,-1.075668,0.965000,-0.025336,-0.190528,0.965000
15.940000,-0.368125,-0.904827,-0.481754,0.728969,0.797000,-1.000000,1.000000,-1.349334,0.970000,-0.022105,0.014828,0.970000
15.950000,-0.309017,-0.809017,-0.809017,0.809017,0.797500,-1.000000,1.000000,2.555964,0.975000,-0.018692,0.219676,0.975000
15.960000,-0.248690,-0.684547,-0.982287,0.876307,0.798000,-1.000000,1.000000,0.945901,0.980000,-0.015126,0.415290,0.980000
15.970000,-0.187381,-0.535827,-0.968583,0.929776,0.798500,-1.000000,1.000000,-0.712617,0.985000,-0.011441,0.593312,0.985000
15.980000,-0.125333,-0.368125,-0.770513,0.968583,0.799000,-1.000000,1.000000,-0.058965,0.990000,-0.007669,0.746109,0.990000
15.990000,-0.062791,-0.187381,-0.425779,0.992115,0.799500,-1.000000,1.000000,0.676709,0.995000,-0.003844,0.867102,0.995000
16.000000,-0.000000,-0.000000,-0.000000,1.000000,0.800000,-1.000000,1.000000,-0.343661,0.000000,-0.000000,0.951057,1.000000
16.010000,0.062791,0.187381,0.425779,0.992115,0.800500,1.000000,1.000000,0.616524,0.005000,0.003828,0.994307,0.995000
16.020000,0.125333,0.368125,0.770513,0.968583,0.801000,1.000000,1.000000,-0.615285,0.010000,0.007608,0.994926,0.990000
16.030000,0.187381,0.535827,0.968583,0.929776,0.801500,1.000000,1.000000,-0.358529,0.015000,0.011304,0.952808,0.985000
16.040000,0.248690,0.684547,0.982287,0.876307,0.802000,1.000000,1.000000,-0.084769,0.020000,0.014886,0.869688,0.980000
16.050000,0.309017,0.809017,0.809017,0.809017,0.802500,1.000000,1.000000,-0.457496,0.025000,0.018322,0.749071,0.975000
16.060000,0.368125,0.904827,0.481754,0.728969,0.803000,1.000000,1.000000,-2.452822,0.030000,0.021581,0.596090,0.970000
16.070000,0.425779,0.968583,0.062791,0.637424,0.803500,1.000000,1.000000,0.021152,0.035000,0.024636,0.417290,0.965000
16.080000,0.481754,0.998027,-0.368125,0.535827,0.804000,1.000000,1.000000,0.261622,0.040000,0.027461,0.220350,0.960000
16.090000,0.535827,0.992115,-0.728969,0.425779,0.804500,1.000000,1.000000,0.476196,0.045000,0.030031,0.013760,0.955000
16.100000,0.587785,0.951057,-0.951057,0.309017,0.805000,1.000000,1.000000,-0.993985,0.050000,0.032324,-0.193549,0.950000
16.110000,0.637424,0.876307,-0.992115,0.187381,0.805500,1.000000,1.000000,0.344247,0.055000,0.034322,-0.392588,0.945000
16.120000,0.684547,0.770513,-0.844328,0.062791,0.806000,1.000000,1.000000,0.215701,0.060000,0.036008,-0.574697,0.940000
16.130000,0.728969,0.637424,-0.535827,-0.062791,0.806500,1.000000,1.000000,-1.768818,0.065000,0.037368,-0.731930,0.935000
16.140000,0.770513,0.481754,-0.125333,-0.187381,0.807000,1.000000,1.000000,-2.201935,0.070000,0.038391,-0.857397,0.930000
16.150000,0.809017,0.309017,0.309017,-0.309017,0.807500,1.000000,1.000000,0.476471,0.075000,0.039070,-0.945575,0.925000
16.160000,0.844328,0.125333,0.684547,-0.425779,0.808000,1.000000,1.000000,-0.954185,0.080000,0.039401,-0.992550,0.920000
16.170000,0.876307,-0.062791,0.929776,-0.535827,0.808500,1.000000,1.000000,1.002206,0.085000,0.039380,-0.996194,0.915000
16.180000,0.904827,-0.248690,0.998027,-0.637424,0.809000,1.000000,1.000000,2.140371,0.090000,0.039011,-0.956272,0.910000
16.190000,0.929776,-0.425779,0.876307,-0.728969,0.809500,1.000000,1.000000,-0.582727,0.095000,0.038297,-0.874454,0.905000
16.200000,0.951057,-0.587785,0.587785,-0.809017,0.810000,1.000000,1.000000,-0.689395,0.100000,0.037247,-0.754251,0.900000
16.210000,0.968583,-0.728969,0.187381,-0.876307,0.810500,1.000000,1.000000,-0.011696,0.105000,0.035871,-0.600872,0.895000
16.220000,0.982287,-0.844328,-0.248690,-0.929776,0.811000,1.000000,1.000000,0.674747,0.110000,0.034183,-0.420998,0.890000
16.230000,0.992115,-0.929776,-0.637424,-0.968583,0.811500,1.000000,1.000000,-1.135799,0.115000,0.032198,-0.222495,0.885000
16.240000,0.998027,-0.982287,-0.904827,-0.992115,0.812000,1.000000,1.000000,1.245472,0.120000,0.029936,-0.014074,0.880000
16.250000,1.000000,-1.000000,-1.000000,-1.000000,0.812500,1.000000,1.000000,0.991222,0.125000,0.027418,0.195090,0.875000
16.260000,0.998027,-0.982287,-0.904827,-0.992115,0.813000,1.000000,1.000000,0.661106,0.130000,0.024666,0.395763,0.870000
16.270000,0.992115,-0.929776,-0.637424,-0.968583,0.813500,1.000000,1.000000,-0.539841,0.135000,0.021707,0.579059,0.865000
16.280000,0.982287,-0.844328,-0.248690,-0.929776,0.814000,1.000000,1.000000,0.916302,0.140000,0.018568,0.736834,0.860000
16.290000,0.968583,-0.728969,0.187381,-0.876307,0.814500,1.000000,1.000000,0.857213,0.145000,0.015276,0.862051,0.855000
16.300000,0.951057,-0.587785,0.587785,-0.809017,0.815000,1.000000,1.000000,-1.200971,0.150000,0.011863,0.949096,0.850000
16.310000,0.929776,-0.425779,0.876307,-0.728969,0.815500,1.000000,1.000000,2.090184,0.155000,0.008357,0.994037,0.845000
16.320000,0.904827,-0.248690,0.998027,-0.637424,0.816000,1.000000,1.000000,-0.300527,0.160000,0.004792,0.994799,0.840000
16.330000,0.876307,-0.062791,0.929776,-0.535827,0.816500,1.000000,1.000000,0.369186,0.165000,0.001199,0.951270,0.835000
16.340000,0.844328,0.125333,0.684547,-0.425779,0.817000,1.000000,1.000000,-0.524155,0.170000,-0.002391,0.865312,0.830000
16.350000,0.809017,0.309017,0.309017,-0.309017,0.817500,1.000000,1.000000,0.384897,0.175000,-0.005946,0.740687,0.825000
16.360000,0.770513,0.481754,-0.125333,-0.187381,0.818000,1.000000,1.000000,1.160082,0.180000,-0.009433,0.582895,0.820000
16.370000,0.728969,0.637424,-0.535827,-0.062791,0.818500,1.000000,1.000000,-0.807369,0.185000,-0.012823,0.398935,0.815000
16.380000,0.684547,0.770513,-0.844328,0.062791,0.819000,1.000000,1.000000,-1.655426,0.190000,-0.016086,0.197000,0.810000
16.390000,0.637424,0.876307,-0.992115,0.187381,0.819500,1.000000,1.000000,-0.449985,0.195000,-0.019193,-0.013885,0.805000
16.400000,0.587785,0.951057,-0.951057,0.309017,0.820000,1.000000,1.000000,-1.306046,0.200000,-0.022117,-0.224271,0.800000
16.410000,0.535827,0.992115,-0.728969,0.425779,0.820500,1.000000,1.000000,-0.758573,0.205000,-0.024834,-0.424699,0.795000
16.420000,0.481754,0.998027,-0.368125,0.535827,0.821000,1.000000,1.000000,-0.126483,0.210000,-0.027320,-0.606133,0.790000
16.430000,0.425779,0.968583,0.062791,0.637424,0.821500,1.000000,1.000000,-0.064157,0.215000,-0.029554,-0.760365,0.785000
16.440000,0.368125,0.904827,0.481754,0.728969,0.822000,1.000000,1.000000,1.290729,0.220000,-0.031517,-0.880391,0.780000
16.450000,0.309017,0.809017,0.809017,0.809017,0.822500,1.000000,1.000000,-1.014798,0.225000,-0.033193,-0.960731,0.775000
16.460000,0.248690,0.684547,0.982287,0.876307,0.823000,1.000000,1.000000,0.352708,0.230000,-0.034569,-0.997681,0.770000
16.470000,0.187381,0.535827,0.968583,0.929776,0.823500,1.000000,1.000000,-0.507567,0.235000,-0.035632,-0.989495,0.765000
16.480000,0.125333,0.368125,0.770513,0.968583,0.824000,1.000000,1.000000,1.365057,0.240000,-0.036375,-0.936462,0.760000
16.490000,0.062791,0.187381,0.425779,0.992115,0.824500,1.000000,1.000000,2.527698,0.245000,-0.036793,-0.840911,0.755000
16.500000,0.000000,-0.000000,-0.000000,1.000000,0.825000,1.000000,1.000000,0.303440,0.250000,-0.036883,-0.707107,0.750000
16.510000,-0.062791,-0.187381,-0.425779,0.992115,0.825500,1.000000,1.000000,1.674191,0.255000,-0.036646,-0.541068,0.745000
16.520000,-0.125333,-0.368125,-0.770513,0.968583,0.826000,1.000000,1.000000,-0.530206,0.260000,-0.036085,-0.350299,0.740000
16.530000,-0.187381,-0.535827,-0.968583,0.929776,0.826500,1.000000,1.000000,-1.599407,0.265000,-0.035207,-0.143451,0.735000
16.540000,-0.248690,-0.684547,-0.982287,0.876307,0.827000,1.000000,1.000000,-1.270399,0.270000,-0.034020,0.070063,0.730000
16.550000,-0.309017,-0.809017,-0.809017,0.809017,0.827500,1.000000,1.000000,-1.579090,0.275000,-0.032536,0.280499,0.725000
16.560000,-0.368125,-0.904827,-0.481754,0.728969,0.828000,1.000000,1.000000,-0.954749,0.280000,-0.030770,0.478226,0.720000
16.570000,-0.425779,-0.968583,-0.062791,0.637424,0.828500,1.000000,1.000000,-0.240219,0.285000,-0.028738,0.654165,0.715000
16.580000,-0.481754,-0.998027,0.368125,0.535827,0.829000,1.000000,1.000000,1.150103,0.290000,-0.026460,0.800213,0.710000
16.590000,-0.535827,-0.992115,0.728969,0.425779,0.829500,1.000000,1.000000,0.699859,0.295000,-0.023956,0.909611,0.705000
16.600000,-0.587785,-0.951057,0.951057,0.309017,0.830000,1.000000,1.000000,0.463764,0.300000,-0.021250,0.977268,0.700000
16.610000,-0.637424,-0.876307,0.992115,0.187381,0.830500,1.000000,1.000000,-0.423736,0.305000,-0.018367,0.999999,0.695000
16.620000,-0.684547,-0.770513,0.844328,0.062791,0.831000,1.000000,1.000000,-0.721912,0.310000,-0.015332,0.976678,0.690000
16.630000,-0.728969,-0.637424,0.535827,-0.062791,0.831500,1.000000,1.000000,0.033265,0.315000,-0.012173,0.908301,0.685000
16.640000,-0.770513,-0.481754,0.125333,-0.187381,0.832000,1.000000,1.000000,0.137667,0.320000,-0.008919,0.797946,0.680000
16.650000,-0.809017,-0.309017,-0.309017,-0.309017,0.832500,1.000000,1.000000,0.256211,0.325000,-0.005599,0.650642,0.675000
16.660000,-0.844328,-0.125333,-0.684547,-0.425779,0.833000,1.000000,1.000000,0.371548,0.330000,-0.002243,0.473141,0.670000
16.670000,-0.876307,0.062791,-0.929776,-0.535827,0.833500,1.000000,1.000000,-0.117614,0.335000,0.001120,0.273617,0.665000
16.680000,-0.904827,0.248690,-0.998027,-0.637424,0.834000,1.000000,1.000000,-1.924656,0.340000,0.004459,0.061285,0.660000
16.690000,-0.929776,0.425779,-0.876307,-0.728969,0.834500,1.000000,1.000000,-1.115239,0.345000,0.007746,-0.154014,0.655000
16.700000,-0.951057,0.587785,-0.587785,-0.809017,0.835000,1.000000,1.000000,-0.825614,0.350000,0.010951,-0.362275,0.650000
16.710000,-0.968583,0.728969,-0.187381,-0.876307,0.835500,1.000000,1.000000,1.696733,0.355000,0.014046,-0.553793,0.645000
16.720000,-0.982287,0.844328,0.248690,-0.929776,0.836000,1.000000,1.000000,-0.427272,0.360000,0.017004,-0.719611,0.640000
16.730000,-0.992115,0.929776,0.637424,-0.968583,0.836500,1.000000,1.000000,0.675034,0.365000,0.019799,-0.851950,0.635000
16.740000,-0.998027,0.982287,0.904827,-0.992115,0.837000,1.000000,1.000000,1.464238,0.370000,0.022408,-0.944569,0.630000
16.750000,-1.000000,1.000000,1.000000,-1.000000,0.837500,1.000000,1.000000,0.333364,0.375000,0.024808,-0.993068,0.625000
16.760000,-0.998027,0.982287,0.904827,-0.992115,0.838000,1.000000,1.000000,-0.392792,0.380000,0.026979,-0.995101,0.620000
16.770000,-0.992115,0.929776,0.637424,-0.968583,0.838500,1.000000,1.000000,-0.293221,0.385000,0.028902,-0.950492,0.615000
16.780000,-0.982287,0.844328,0.248690,-0.929776,0.839000,1.000000,1.000000,-1.022393,0.390000,0.030561,-0.861253,0.610000
16.790000,-0.968583,0.728969,-0.187381,-0.876307,0.839500,1.000000,1.000000,0.306539,0.395000,0.031942,-0.731501,0.605000
16.800000,-0.951057,0.587785,-0.587785,-0.809017,0.840000,1.000000,1.000000,1.128070,0.400000,0.033035,-0.567269,0.600000
16.810000,-0.929776,0.425779,-0.876307,-0.728969,0.840500,1.000000,1.000000,0.569811,0.405000,0.033831,-0.376231,0.595000
16.820000,-0.904827,0.248690,-0.998027,-0.637424,0.841000,1.000000,1.000000,0.771317,0.410000,0.034324,-0.167347,0.590000
16.830000,-0.876307,0.062791,-0.929776,-0.535827,0.841500,1.000000,1.000000,0.717681,0.415000,0.034510,0.049554,0.585000
16.840000,-0.844328,-0.125333,-0.684547,-0.425779,0.842000,1.000000,1.000000,2.004023,0.420000,0.034390,0.264237,0.580000
16.850000,-0.809017,-0.309017,-0.309017,-0.309017,0.842500,1.000000,1.000000,-0.633813,0.425000,0.033966,0.466541,0.575000
16.860000,-0.770513,-0.481754,0.125333,-0.187381,0.843000,1.000000,1.000000,0.157524,0.430000,0.033243,0.646864,0.570000
16.870000,-0.728969,-0.637424,0.535827,-0.062791,0.843500,1.000000,1.000000,0.705476,0.435000,0.032227,0.796619,0.565000
16.880000,-0.684547,-0.770513,0.844328,0.062791,0.844000,1.000000,1.000000,1.247266,0.440000,0.030931,0.908642,0.560000
16.890000,-0.637424,-0.876307,0.992115,0.187381,0.844500,1.000000,1.000000,-2.427642,0.445000,0.029365,0.977547,0.555000
16.900000,-0.587785,-0.951057,0.951057,0.309017,0.845000,1.000000,1.000000,-0.522342,0.450000,0.027545,0.999980,0.550000
16.910000,-0.535827,-0.992115,0.728969,0.425779,0.845500,1.000000,1.000000,-0.208494,0.455000,0.025488,0.974794,0.545000
16.920000,-0.481754,-0.998027,0.368125,0.535827,0.846000,1.000000,1.000000,-1.029420,0.460000,0.023214,0.903108,0.540000
16.930000,-0.425779,-0.968583,-0.062791,0.637424,0.846500,1.000000,1.000000,0.847134,0.465000,0.020743,0.788264,0.535000
16.940000,-0.368125,-0.904827,-0.481754,0.728969,0.847000,1.000000,1.000000,0.218990,0.470000,0.018098,0.635680,0.530000
16.950000,-0.309017,-0.809017,-0.809017,0.809017,0.847500,1.000000,1.000000,-0.396450,0.475000,0.015303,0.452590,0.525000
16.960000,-0.248690,-0.684547,-0.982287,0.876307,0.848000,1.000000,1.000000,-1.634120,0.480000,0.012384,0.247716,0.520000
16.970000,-0.187381,-0.535827,-0.968583,0.929776,0.848500,1.000000,1.000000,-1.323772,0.485000,0.009367,0.030846,0.515000
16.980000,-0.125333,-0.368125,-0.770513,0.968583,0.849000,1.000000,1.000000,-0.985335,0.490000,0.006279,-0.187628,0.510000
16.990000,-0.062791,-0.187381,-0.425779,0.992115,0.849500,1.000000,1.000000,0.454812,0.495000,0.003147,-0.397206,0.505000
17.000000,0.000000,-0.000000,-0.000000,1.000000,0.850000,-1.000000,1.000000,-1.219261,0.500000,0.000000,-0.587785,0.500000
17.010000,0.062791,0.187381,0.425779,0.992115,0.850500,-1.000000,1.000000,-2.069428,0.505000,-0.003134,-0.750153,0.495000
17.020000,0.125333,0.368125,0.770513,0.968583,0.851000,-1.000000,1.000000,-1.452518,0.510000,-0.006229,-0.876428,0.490000
17.030000,0.187381,0.535827,0.968583,0.929776,0.851500,-1.000000,1.000000,-0.591962,0.515000,-0.009255,-0.960451,0.485000
17.040000,0.248690,0.684547,0.982287,0.876307,0.852000,-1.000000,1.000000,1.673276,0.520000,-0.012188,-0.998089,0.480000
17.050000,0.309017,0.809017,0.809017,0.809017,0.852500,-1.000000,1.000000,2.501930,0.525000,-0.015000,-0.987441,0.475000
17.060000,0.368125,0.904827,0.481754,0.728969,0.853000,-1.000000,1.000000,-0.481379,0.530000,-0.017669,-0.928941,0.470000
17.070000,0.425779,0.968583,0.062791,0.637424,0.853500,-1.000000,1.000000,0.943858,0.535000,-0.020170,-0.825346,0.465000
17.080000,0.481754,0.998027,-0.368125,0.535827,0.854000,-1.000000,1.000000,1.401211,0.540000,-0.022483,-0.681610,0.460000
17.090000,0.535827,0.992115,-0.728969,0.425779,0.854500,-1.000000,1.000000,1.284542,0.545000,-0.024587,-0.504654,0.455000
17.100000,0.587785,0.951057,-0.951057,0.309017,0.855000,-1.000000,1.000000,-0.116786,0.550000,-0.026465,-0.303035,0.450000
17.110000,0.637424,0.876307,-0.992115,0.187381,0.855500,-1.000000,1.000000,-1.302079,0.555000,-0.028101,-0.086537,0.445000
17.120000,0.684547,0.770513,-0.844328,0.062791,0.856000,-1.000000,1.000000,-0.488304,0.560000,-0.029481,0.134304,0.440000
17.130000,0.728969,0.637424,-0.535827,-0.062791,0.856500,-1.000000,1.000000,-1.861982,0.565000,-0.030594,0.348709,0.435000
17.140000,0.770513,0.481754,-0.125333,-0.187381,0.857000,-1.000000,1.000000,0.238636,0.570000,-0.031432,0.546184,0.430000
17.150000,0.809017,0.309017,0.309017,-0.309017,0.857500,-1.000000,1.000000,0.777494,0.575000,-0.031988,0.717032,0.425000
17.160000,0.844328,0.125333,0.684547,-0.425779,0.858000,-1.000000,1.000000,-1.892990,0.580000,-0.032258,0.852837,0.420000
17.170000,0.876307,-0.062791,0.929776,-0.535827,0.858500,-1.000000,1.000000,-0.051819,0.585000,-0.032242,0.946876,0.415000
17.180000,0.904827,-0.248690,0.998027,-0.637424,0.859000,-1.000000,1.000000,0.292356,0.590000,-0.031939,0.994460,0.410000
17.190000,0.929776,-0.425779,0.876307,-0.728969,0.859500,-1.000000,1.000000,1.249321,0.595000,-0.031355,0.993171,0.405000
17.200000,0.951057,-0.587785,0.587785,-0.809017,0.860000,-1.000000,1.000000,1.378623,0.600000,-0.030495,0.942991,0.400000
17.210000,0.968583,-0.728969,0.187381,-0.876307,0.860500,-1.000000,1.000000,0.801274,0.605000,-0.029369,0.846308,0.395000
17.220000,0.982287,-0.844328,-0.248690,-0.929776,0.861000,-1.000000,1.000000,-0.686734,0.610000,-0.027986,0.707817,0.390000
17.230000,0.992115,-0.929776,-0.637424,-0.968583,0.861500,-1.000000,1.000000,-0.368348,0.615000,-0.026361,0.534287,0.385000
17.240000,0.998027,-0.982287,-0.904827,-0.992115,0.862000,-1.000000,1.000000,1.204293,0.620000,-0.024509,0.334241,0.380000
17.250000,1.000000,-1.000000,-1.000000,-1.000000,0.862500,-1.000000,1.000000,-0.605907,0.625000,-0.022448,0.117537,0.375000
17.260000,0.998027,-0.982287,-0.904827,-0.992115,0.863000,-1.000000,1.000000,-0.042248,0.630000,-0.020195,-0.105112,0.370000
17.270000,0.992115,-0.929776,-0.637424,-0.968583,0.863500,-1.000000,1.000000,1.560811,0.635000,-0.017772,-0.322669,0.365000
17.280000,0.982287,-0.844328,-0.248690,-0.929776,0.864000,-1.000000,1.000000,0.127882,0.640000,-0.015202,-0.524319,0.360000
17.290000,0.968583,-0.728969,0.187381,-0.876307,0.864500,-1.000000,1.000000,-1.374515,0.645000,-0.012507,-0.700007,0.355000
17.300000,0.951057,-0.587785,0.587785,-0.809017,0.865000,-1.000000,1.000000,-0.295590,0.650000,-0.009712,-0.840945,0.350000
17.310000,0.929776,-0.425779,0.876307,-0.728969,0.865500,-1.000000,1.000000,0.639322,0.655000,-0.006842,-0.940048,0.345000
17.320000,0.904827,-0.248690,0.998027,-0.637424,0.866000,-1.000000,1.000000,-0.190331,0.660000,-0.003923,-0.992303,0.340000
17.330000,0.876307,-0.062791,0.929776,-0.535827,0.866500,-1.000000,1.000000,1.161312,0.665000,-0.000981,-0.995020,0.335000
17.340000,0.844328,0.125333,0.684547,-0.425779,0.867000,-1.000000,1.000000,1.282010,0.670000,0.001958,-0.947982,0.330000
17.350000,0.809017,0.309017,0.309017,-0.309017,0.867500,-1.000000,1.000000,-0.650818,0.675000,0.004868,-0.853460,0.325000
17.360000,0.770513,0.481754,-0.125333,-0.187381,0.868000,-1.000000,1.000000,-0.503659,0.680000,0.007723,-0.716112,0.320000
17.370000,0.728969,0.637424,-0.535827,-0.062791,0.868500,-1.000000,1.000000,-0.104307,0.685000,0.010498,-0.542758,0.315000
17.380000,0.684547,0.770513,-0.844328,0.062791,0.869000,-1.000000,1.000000,-1.201764,0.690000,0.013170,-0.342046,0.310000
17.390000,0.637424,0.876307,-0.992115,0.187381,0.869500,-1.000000,1.000000,0.377818,0.695000,0.015714,-0.124024,0.305000
17.400000,0.587785,0.951057,-0.951057,0.309017,0.870000,-1.000000,1.000000,-0.180227,0.700000,0.018108,0.100362,0.300000
17.410000,0.535827,0.992115,-0.728969,0.425779,0.870500,-1.000000,1.000000,0.785204,0.705000,0.020333,0.319813,0.295000
17.420000,0.481754,0.998027,-0.368125,0.535827,0.871000,-1.000000,1.000000,-0.600103,0.710000,0.022368,0.523248,0.290000
17.430000,0.425779,0.968583,0.062791,0.637424,0.871500,-1.000000,1.000000,-0.879767,0.715000,0.024197,0.700366,0.285000
17.440000,0.368125,0.904827,0.481754,0.728969,0.872000,-1.000000,1.000000,1.837783,0.720000,0.025804,0.842166,0.280000
17.450000,0.309017,0.809017,0.809017,0.809017,0.872500,-1.000000,1.000000,-0.879326,0.725000,0.027176,0.941412,0.275000
17.460000,0.248690,0.684547,0.982287,0.876307,0.873000,-1.000000,1.000000,-0.585623,0.730000,0.028302,0.993002,0.270000
17.470000,0.187381,0.535827,0.968583,0.929776,0.873500,-1.000000,1.000000,-0.732488,0.735000,0.029173,0.994240,0.265000
17.480000,0.125333,0.368125,0.770513,0.968583,0.874000,-1.000000,1.000000,-0.304624,0.740000,0.029781,0.944981,0.260000
17.490000,0.062791,0.187381,0.425779,0.992115,0.874500,-1.000000,1.000000,-0.916046,0.745000,0.030124,0.847645,0.255000
17.500000,0.000000,-0.000000,0.000000,1.000000,0.875000,-1.000000,1.000000,-0.044986,0.750000,0.030197,0.707107,0.250000
17.510000,-0.062791,-0.187381,-0.425779,0.992115,0.875500,-1.000000,1.000000,-0.704876,0.755000,0.030003,0.530458,0.245000
17.520000,-0.125333,-0.368125,-0.770513,0.968583,0.876000,-1.000000,1.000000,-0.416875,0.760000,0.029544,0.326650,0.240000
17.530000,-0.187381,-0.535827,-0.968583,0.929776,0.876500,-1.000000,1.000000,0.362818,0.765000,0.028825,0.106049,0.235000
17.540000,-0.248690,-0.684547,-0.982287,0.876307,0.877000,-1.000000,1.000000,0.701581,0.770000,0.027853,-0.120095,0.230000
17.550000,-0.309017,-0.809017,-0.809017,0.809017,0.877500,-1.000000,1.000000,0.466970,0.775000,0.026638,-0.340215,0.225000
17.560000,-0.368125,-0.904827,-0.481754,0.728969,0.878000,-1.000000,1.000000,-0.736066,0.780000,0.025192,-0.543022,0.220000
17.570000,-0.425779,-0.968583,-0.062791,0.637424,0.878500,-1.000000,1.000000,0.397164,0.785000,0.023529,-0.718083,0.215000
17.580000,-0.481754,-0.998027,0.368125,0.535827,0.879000,-1.000000,1.000000,-0.120463,0.790000,0.021664,-0.856361,0.210000
17.590000,-0.535827,-0.992115,0.728969,0.425779,0.879500,-1.000000,1.000000,-0.106325,0.795000,0.019614,-0.950687,0.205000
17.600000,-0.587785,-0.951057,0.951057,0.309017,0.880000,-1.000000,1.000000,-1.722369,0.800000,0.017398,-0.996134,0.200000
17.610000,-0.637424,-0.876307,0.992115,0.187381,0.880500,-1.000000,1.000000,0.671317,0.805000,0.015037,-0.990279,0.195000
17.620000,-0.684547,-0.770513,0.844328,0.062791,0.881000,-1.000000,1.000000,-0.139605,0.810000,0.012553,-0.933340,0.190000
17.630000,-0.728969,-0.637424,0.535827,-0.062791,0.881500,-1.000000,1.000000,1.706267,0.815000,0.009966,-0.828174,0.185000
17.640000,-0.770513,-0.481754,0.125333,-0.187381,0.882000,-1.000000,1.000000,0.640102,0.820000,0.007302,-0.680138,0.180000
17.650000,-0.809017,-0.309017,-0.309017,-0.309017,0.882500,-1.000000,1.000000,-1.116517,0.825000,0.004584,-0.496822,0.175000
17.660000,-0.844328,-0.125333,-0.684547,-0.425779,0.883000,-1.000000,1.000000,-1.372194,0.830000,0.001836,-0.287668,0.170000
17.670000,-0.876307,0.062791,-0.929776,-0.535827,0.883500,-1.000000,1.000000,1.150978,0.835000,-0.000917,-0.063480,0.165000
17.680000,-0.904827,0.248690,-0.998027,-0.637424,0.884000,-1.000000,1.000000,-0.874871,0.840000,-0.003651,0.164125,0.160000
17.690000,-0.929776,0.425779,-0.876307,-0.728969,0.884500,-1.000000,1.000000,0.684491,0.845000,-0.006342,0.383322,0.155000
17.700000,-0.951057,0.587785,-0.587785,-0.809017,0.885000,-1.000000,1.000000,-0.300771,0.850000,-0.008966,0.582690,0.150000
17.710000,-0.968583,0.728969,-0.187381,-0.876307,0.885500,-1.000000,1.000000,2.103835,0.855000,-0.011500,0.751812,0.145000
17.720000,-0.982287,0.844328,0.248690,-0.929776,0.886000,-1.000000,1.000000,0.080193,0.860000,-0.013921,0.881818,0.140000
17.730000,-0.992115,0.929776,0.637424,-0.968583,0.886500,-1.000000,1.000000,1.515773,0.865000,-0.016210,0.965855,0.135000
17.740000,-0.998027,0.982287,0.904827,-0.992115,0.887000,-1.000000,1.000000,1.334147,0.870000,-0.018346,0.999458,0.130000
17.750000,-1.000000,1.000000,1.000000,-1.000000,0.887500,-1.000000,1.000000,-0.461056,0.875000,-0.020311,0.980785,0.125000
17.760000,-0.998027,0.982287,0.904827,-0.992115,0.888000,-1.000000,1.000000,-0.326052,0.880000,-0.022088,0.910730,0.120000
17.770000,-0.992115,0.929776,0.637424,-0.968583,0.888500,-1.000000,1.000000,1.489512,0.885000,-0.023663,0.792881,0.115000
17.780000,-0.982287,0.844328,0.248690,-0.929776,0.889000,-1.000000,1.000000,0.007078,0.890000,-0.025021,0.633348,0.110000
17.790000,-0.968583,0.728969,-0.187381,-0.876307,0.889500,-1.000000,1.000000,-0.860679,0.895000,-0.026152,0.440447,0.105000
17.800000,-0.951057,0.587785,-0.587785,-0.809017,0.890000,-1.000000,1.000000,1.213657,0.900000,-0.027047,0.224271,0.100000
17.810000,-0.929776,0.425779,-0.876307,-0.728969,0.890500,-1.000000,1.000000,2.584847,0.905000,-0.027698,-0.003833,0.095000
17.820000,-0.904827,0.248690,-0.998027,-0.637424,0.891000,-1.000000,1.000000,-0.023499,0.910000,-0.028102,-0.231857,0.090000
17.830000,-0.876307,0.062791,-0.929776,-0.535827,0.891500,-1.000000,1.000000,1.418412,0.915000,-0.028255,-0.447765,0.085000
17.840000,-0.844328,-0.125333,-0.684547,-0.425779,0.892000,-1.000000,1.000000,-0.139855,0.920000,-0.028157,-0.640131,0.080000
17.850000,-0.809017,-0.309017,-0.309017,-0.309017,0.892500,-1.000000,1.000000,1.381152,0.925000,-0.027809,-0.798741,0.075000
17.860000,-0.770513,-0.481754,0.125333,-0.187381,0.893000,-1.000000,1.000000,-0.211469,0.930000,-0.027217,-0.915140,0.070000
17.870000,-0.728969,-0.637424,0.535827,-0.062791,0.893500,-1.000000,1.000000,1.363630,0.935000,-0.026386,-0.983090,0.065000
17.880000,-0.684547,-0.770513,0.844328,0.062791,0.894000,-1.000000,1.000000,0.577864,0.940000,-0.025324,-0.998908,0.060000
17.890000,-0.637424,-0.876307,0.992115,0.187381,0.894500,-1.000000,1.000000,-0.146856,0.945000,-0.024042,-0.961667,0.055000
17.900000,-0.587785,-0.951057,0.951057,0.309017,0.895000,-1.000000,1.000000,0.275871,0.950000,-0.022552,-0.873262,0.050000
17.910000,-0.535827,-0.992115,0.728969,0.425779,0.895500,-1.000000,1.000000,-0.500715,0.955000,-0.020868,-0.738319,0.045000
17.920000,-0.481754,-0.998027,0.368125,0.535827,0.896000,-1.000000,1.000000,-1.082590,0.960000,-0.019006,-0.563953,0.040000
17.930000,-0.425779,-0.968583,-0.062791,0.637424,0.896500,-1.000000,1.000000,-1.010639,0.965000,-0.016983,-0.359404,0.035000
17.940000,-0.368125,-0.904827,-0.481754,0.728969,0.897000,-1.000000,1.000000,-0.008611,0.970000,-0.014818,-0.135550,0.030000
17.950000,-0.309017,-0.809017,-0.809017,0.809017,0.897500,-1.000000,1.000000,-1.007309,0.975000,-0.012529,0.095672,0.025000
17.960000,-0.248690,-0.684547,-0.982287,0.876307,0.898000,-1.000000,1.000000,0.493464,0.980000,-0.010139,0.321896,0.020000
17.970000,-0.187381,-0.535827,-0.968583,0.929776,0.898500,-1.000000,1.000000,0.587251,0.985000,-0.007669,0.530990,0.015000
17.980000,-0.125333,-0.368125,-0.770513,0.968583,0.899000,-1.000000,1.000000,0.528747,0.990000,-0.005140,0.711712,0.010000
17.990000,-0.062791,-0.187381,-0.425779,0.992115,0.899500,-1.000000,1.000000,-0.436945,0.995000,-0.002577,0.854310,0.005000
18.000000,-0.000000,-0.000000,0.000000,1.000000,0.900000,-1.000000,1.000000,0.118352,0.000000,-0.000000,0.951057,0.000000
18.010000,0.062791,0.187381,0.425779,0.992115,0.900500,1.000000,1.000000,0.037558,0.005000,0.002566,0.996671,0.005000
18.020000,0.125333,0.368125,0.770513,0.968583,0.901000,1.000000,1.000000,1.387354,0.010000,0.005100,0.988614,0.010000
18.030000,0.187381,0.535827,0.968583,0.929776,0.901500,1.000000,1.000000,-0.741861,0.015000,0.007577,0.927234,0.015000
18.040000,0.248690,0.684547,0.982287,0.876307,0.902000,1.000000,1.000000,-0.318666,0.020000,0.009978,0.815758,0.020000
18.050000,0.309017,0.809017,0.809017,0.809017,0.902500,1.000000,1.000000,-0.166935,0.025000,0.012281,0.660133,0.025000
18.060000,0.368125,0.904827,0.481754,0.728969,0.903000,1.000000,1.000000,-0.075523,0.030000,0.014466,0.468707,0.030000
18.070000,0.425779,0.968583,0.062791,0.637424,0.903500,1.000000,1.000000,-0.681671,0.035000,0.016514,0.251792,0.035000
18.080000,0.481754,0.998027,-0.368125,0.535827,0.904000,1.000000,1.000000,-0.560583,0.040000,0.018407,0.021110,0.040000
18.090000,0.535827,0.992115,-0.728969,0.425779,0.904500,1.000000,1.000000,1.085117,0.045000,0.020130,-0.210840,0.045000
18.100000,0.587785,0.951057,-0.951057,0.309017,0.905000,1.000000,1.000000,-0.569265,0.050000,0.021668,-0.431456,0.050000
18.110000,0.637424,0.876307,-0.992115,0.187381,0.905500,1.000000,1.000000,0.987230,0.055000,0.023007,-0.628718,0.055000
18.120000,0.684547,0.770513,-0.844328,0.062791,0.906000,1.000000,1.000000,2.105889,0.060000,0.024137,-0.791846,0.060000
18.130000,0.728969,0.637424,-0.535827,-0.062791,0.906500,1.000000,1.000000,1.349249,0.065000,0.025049,-0.911894,0.065000
18.140000,0.770513,0.481754,-0.125333,-0.187381,0.907000,1.000000,1.000000,-1.737945,0.070000,0.025735,-0.982240,0.070000
18.150000,0.809017,0.309017,0.309017,-0.309017,0.907500,1.000000,1.000000,0.844671,0.075000,0.026190,-0.998963,0.075000
18.160000,0.844328,0.125333,0.684547,-0.425779,0.908000,1.000000,1.000000,0.549583,0.080000,0.026411,-0.961061,0.080000
18.170000,0.876307,-0.062791,0.929776,-0.535827,0.908500,1.000000,1.000000,0.615625,0.085000,0.026397,-0.870524,0.085000
18.180000,0.904827,-0.248690,0.998027,-0.637424,0.909000,1.000000,1.000000,-1.556051,0.090000,0.026150,-0.732229,0.090000
18.190000,0.929776,-0.425779,0.876307,-0.728969,0.909500,1.000000,1.000000,0.830219,0.095000,0.025671,-0.553688,0.095000
18.200000,0.951057,-0.587785,0.587785,-0.809017,0.910000,1.000000,1.000000,-1.019121,0.100000,0.024967,-0.344643,0.100000
18.210000,0.968583,-0.728969,0.187381,-0.876307,0.910500,1.000000,1.000000,1.364557,0.105000,0.024045,-0.116539,0.105000
18.220000,0.982287,-0.844328,-0.248690,-0.929776,0.911000,1.000000,1.000000,1.141431,0.110000,0.022913,0.118099,0.110000
18.230000,0.992115,-0.929776,-0.637424,-0.968583,0.911500,1.000000,1.000000,2.618601,0.115000,0.021583,0.346353,0.115000
18.240000,0.998027,-0.982287,-0.904827,-0.992115,0.912000,1.000000,1.000000,-0.319235,0.120000,0.020067,0.555622,0.120000
18.250000,1.000000,-1.000000,-1.000000,-1.000000,0.912500,1.000000,1.000000,-1.458777,0.125000,0.018379,0.734323,0.125000
18.260000,0.998027,-0.982287,-0.904827,-0.992115,0.913000,1.000000,1.000000,1.114284,0.130000,0.016534,0.872527,0.130000
18.270000,0.992115,-0.929776,-0.637424,-0.968583,0.913500,1.000000,1.000000,0.939127,0.135000,0.014551,0.962523,0.135000
18.280000,0.982287,-0.844328,-0.248690,-0.929776,0.914000,1.000000,1.000000,-0.318610,0.140000,0.012446,0.999251,0.140000
18.290000,0.968583,-0.728969,0.187381,-0.876307,0.914500,1.000000,1.000000,1.424901,0.145000,0.010240,0.980589,0.145000
18.300000,0.951057,-0.587785,0.587785,-0.809017,0.915000,1.000000,1.000000,0.752714,0.150000,0.007952,0.907484,0.150000
18.310000,0.929776,-0.425779,0.876307,-0.728969,0.915500,1.000000,1.000000,-1.225251,0.155000,0.005602,0.783915,0.155000
18.320000,0.904827,-0.248690,0.998027,-0.637424,0.916000,1.000000,1.000000,-0.288901,0.160000,0.003212,0.616673,0.160000
18.330000,0.876307,-0.062791,0.929776,-0.535827,0.916500,1.000000,1.000000,-0.383700,0.165000,0.000803,0.415005,0.165000
18.340000,0.844328,0.125333,0.684547,-0.425779,0.917000,1.000000,1.000000,-0.047463,0.170000,-0.001603,0.190096,0.170000
18.350000,0.809017,0.309017,0.309017,-0.309017,0.917500,1.000000,1.000000,0.254177,0.175000,-0.003985,-0.045537,0.175000
18.360000,0.770513,0.481754,-0.125333,-0.187381,0.918000,1.000000,1.000000,-0.633985,0.180000,-0.006323,-0.278750,0.180000
18.370000,0.728969,0.637424,-0.535827,-0.062791,0.918500,1.000000,1.000000,-0.135819,0.185000,-0.008595,-0.496495,0.185000
18.380000,0.684547,0.770513,-0.844328,0.062791,0.919000,1.000000,1.000000,0.651344,0.190000,-0.010782,-0.686560,0.190000
18.390000,0.637424,0.876307,-0.992115,0.187381,0.919500,1.000000,1.000000,-0.012387,0.195000,-0.012865,-0.838248,0.195000
18.400000,0.587785,0.951057,-0.951057,0.309017,0.920000,1.000000,1.000000,-0.209233,0.200000,-0.014826,-0.942991,0.200000
18.410000,0.535827,0.992115,-0.728969,0.425779,0.920500,1.000000,1.000000,-0.243764,0.205000,-0.016647,-0.994830,0.205000
18.420000,0.481754,0.998027,-0.368125,0.535827,0.921000,1.000000,1.000000,-0.039486,0.210000,-0.018313,-0.990771,0.210000
18.430000,0.425779,0.968583,0.062791,0.637424,0.921500,1.000000,1.000000,-1.855121,0.215000,-0.019811,-0.930951,0.215000
18.440000,0.368125,0.904827,0.481754,0.728969,0.922000,1.000000,1.000000,0.221041,0.220000,-0.021127,-0.818655,0.220000
18.450000,0.309017,0.809017,0.809017,0.809017,0.922500,1.000000,1.000000,-0.968196,0.225000,-0.022250,-0.660133,0.225000
18.460000,0.248690,0.684547,0.982287,0.876307,0.923000,1.000000,1.000000,0.166609,0.230000,-0.023172,-0.464261,0.230000
18.470000,0.187381,0.535827,0.968583,0.929776,0.923500,1.000000,1.000000,-1.411927,0.235000,-0.023885,-0.242051,0.235000
18.480000,0.125333,0.368125,0.770513,0.968583,0.924000,1.000000,1.000000,0.982726,0.240000,-0.024383,-0.006032,0.240000
18.490000,0.062791,0.187381,0.425779,0.992115,0.924500,1.000000,1.000000,0.297417,0.245000,-0.024663,0.230451,0.245000
18.500000,0.000000,0.000000,0.000000,1.000000,0.925000,1.000000,1.000000,-1.290939,0.250000,-0.024724,0.453990,0.250000
18.510000,-0.062791,-0.187381,-0.425779,0.992115,0.925500,1.000000,1.000000,0.297723,0.255000,-0.024565,0.651881,0.255000
18.520000,-0.125333,-0.368125,-0.770513,0.968583,0.926000,1.000000,1.000000,-0.699251,0.260000,-0.024189,0.812841,0.260000
18.530000,-0.187381,-0.535827,-0.968583,0.929776,0.926500,1.000000,1.000000,1.862132,0.265000,-0.023600,0.927656,0.265000
18.540000,-0.248690,-0.684547,-0.982287,0.876307,0.927000,1.000000,1.000000,0.551907,0.270000,-0.022804,0.989720,0.270000
18.550000,-0.309017,-0.809017,-0.809017,0.809017,0.927500,1.000000,1.000000,-0.735770,0.275000,-0.021810,0.995413,0.275000
18.560000,-0.368125,-0.904827,-0.481754,0.728969,0.928000,1.000000,1.000000,0.286489,0.280000,-0.020626,0.944321,0.280000
18.570000,-0.425779,-0.968583,-0.062791,0.637424,0.928500,1.000000,1.000000,0.029281,0.285000,-0.019264,0.839275,0.285000
18.580000,-0.481754,-0.998027,0.368125,0.535827,0.929000,1.000000,1.000000,1.260627,0.290000,-0.017737,0.686194,0.290000
18.590000,-0.535827,-0.992115,0.728969,0.425779,0.929500,1.000000,1.000000,0.420160,0.295000,-0.016058,0.493766,0.295000
18.600000,-0.587785,-0.951057,0.951057,0.309017,0.930000,1.000000,1.000000,0.577601,0.300000,-0.014244,0.272952,0.300000
18.610000,-0.637424,-0.876307,0.992115,0.187381,0.930500,1.000000,1.000000,-1.054145,0.305000,-0.012311,0.036372,0.305000
18.620000,-0.684547,-0.770513,0.844328,0.062791,0.931000,1.000000,1.000000,0.857583,0.310000,-0.010277,-0.202418,0.310000
18.630000,-0.728969,-0.637424,0.535827,-0.062791,0.931500,1.000000,1.000000,2.159860,0.315000,-0.008160,-0.429698,0.315000
18.640000,-0.770513,-0.481754,0.125333,-0.187381,0.932000,1.000000,1.000000,0.703393,0.320000,-0.005979,-0.632375,0.320000
18.650000,-0.809017,-0.309017,-0.309017,-0.309017,0.932500,1.000000,1.000000,0.027037,0.325000,-0.003753,-0.798741,0.325000
18.660000,-0.844328,-0.125333,-0.684547,-0.425779,0.933000,1.000000,1.000000,0.230725,0.330000,-0.001504,-0.919146,0.330000
18.670000,-0.876307,0.062791,-0.929776,-0.535827,0.933500,1.000000,1.000000,-0.886015,0.335000,0.000751,-0.986573,0.335000
18.680000,-0.904827,0.248690,-0.998027,-0.637424,0.934000,1.000000,1.000000,0.253353,0.340000,0.002989,-0.997044,0.340000
18.690000,-0.929776,0.425779,-0.876307,-0.728969,0.934500,1.000000,1.000000,-1.031012,0.345000,0.005192,-0.949865,0.345000
18.700000,-0.951057,0.587785,-0.587785,-0.809017,0.935000,1.000000,1.000000,0.111778,0.350000,0.007340,-0.847678,0.350000
18.710000,-0.968583,0.728969,-0.187381,-0.876307,0.935500,1.000000,1.000000,-0.320312,0.355000,0.009415,-0.696319,0.355000
18.720000,-0.982287,0.844328,0.248690,-0.929776,0.936000,1.000000,1.000000,-0.762866,0.360000,0.011398,-0.504491,0.360000
18.730000,-0.992115,0.929776,0.637424,-0.968583,0.936500,1.000000,1.000000,0.648669,0.365000,0.013272,-0.283272,0.365000
18.740000,-0.998027,0.982287,0.904827,-0.992115,0.937000,1.000000,1.000000,-1.421344,0.370000,0.015021,-0.045475,0.370000
18.750000,-1.000000,1.000000,1.000000,-1.000000,0.937500,1.000000,1.000000,0.028217,0.375000,0.016630,0.195090,0.375000
18.760000,-0.998027,0.982287,0.904827,-0.992115,0.938000,1.000000,1.000000,-1.256497,0.380000,0.018085,0.424414,0.380000
18.770000,-0.992115,0.929776,0.637424,-0.968583,0.938500,1.000000,1.000000,1.899278,0.385000,0.019373,0.629109,0.385000
18.780000,-0.982287,0.844328,0.248690,-0.929776,0.939000,1.000000,1.000000,2.044329,0.390000,0.020485,0.797188,0.390000
18.790000,-0.968583,0.728969,-0.187381,-0.876307,0.939500,1.000000,1.000000,0.915825,0.395000,0.021412,0.918775,0.395000
18.800000,-0.951057,0.587785,-0.587785,-0.809017,0.940000,1.000000,1.000000,1.966740,0.400000,0.022144,0.986686,0.400000
18.810000,-0.929776,0.425779,-0.876307,-0.728969,0.940500,1.000000,1.000000,0.662485,0.405000,0.022678,0.996863,0.405000
18.820000,-0.904827,0.248690,-0.998027,-0.637424,0.941000,1.000000,1.000000,0.611545,0.410000,0.023008,0.948620,0.410000
18.830000,-0.876307,0.062791,-0.929776,-0.535827,0.941500,1.000000,1.000000,-0.356522,0.415000,0.023133,0.844698,0.415000
18.840000,-0.844328,-0.125333,-0.684547,-0.425779,0.942000,1.000000,1.000000,-0.826906,0.420000,0.023053,0.691115,0.420000
18.850000,-0.809017,-0.309017,-0.309017,-0.309017,0.942500,1.000000,1.000000,0.196222,0.425000,0.022768,0.496822,0.425000
18.860000,-0.770513,-0.481754,0.125333,-0.187381,0.943000,1.000000,1.000000,-0.467318,0.430000,0.022283,0.273194,0.430000
18.870000,-0.728969,-0.637424,0.535827,-0.062791,0.943500,1.000000,1.000000,-0.369952,0.435000,0.021603,0.033358,0.435000
18.880000,-0.684547,-0.770513,0.844328,0.062791,0.944000,1.000000,1.000000,0.796881,0.440000,0.020733,-0.208567,0.440000
18.890000,-0.637424,-0.876307,0.992115,0.187381,0.944500,1.000000,1.000000,-0.060071,0.445000,0.019684,-0.438302,0.445000
18.900000,-0.587785,-0.951057,0.951057,0.309017,0.945000,1.000000,1.000000,-1.493619,0.450000,0.018464,-0.642253,0.450000
18.910000,-0.535827,-0.992115,0.728969,0.425779,0.945500,1.000000,1.000000,-0.149814,0.455000,0.017085,-0.808315,0.455000
18.920000,-0.481754,-0.998027,0.368125,0.535827,0.946000,1.000000,1.000000,-0.697167,0.460000,0.015561,-0.926597,0.460000
18.930000,-0.425779,-0.968583,-0.062791,0.637424,0.946500,1.000000,1.000000,-0.228782,0.465000,0.013905,-0.990015,0.465000
18.940000,-0.368125,-0.904827,-0.481754,0.728969,0.947000,1.000000,1.000000,-1.032267,0.470000,0.012132,-0.994721,0.470000
18.950000,-0.309017,-0.809017,-0.809017,0.809017,0.947500,1.000000,1.000000,1.265451,0.475000,0.010258,-0.940348,0.475000
18.960000,-0.248690,-0.684547,-0.982287,0.876307,0.948000,1.000000,1.000000,1.967985,0.480000,0.008301,-0.830036,0.480000
18.970000,-0.187381,-0.535827,-0.968583,0.929776,0.948500,1.000000,1.000000,-1.046726,0.485000,0.006279,-0.670266,0.485000
18.980000,-0.125333,-0.368125,-0.770513,0.968583,0.949000,1.000000,1.000000,0.713321,0.490000,0.004209,-0.470482,0.490000
18.990000,-0.062791,-0.187381,-0.425779,0.992115,0.949500,1.000000,1.000000,0.662527,0.495000,0.002109,-0.242538,0.495000
19.000000,-0.000000,-0.000000,-0.000000,1.000000,0.950000,1.000000,1.000000,-1.010099,0.500000,0.000000,-0.000000,0.500000
19.010000,0.062791,0.187381,0.425779,0.992115,0.950500,-1.000000,1.000000,0.165302,0.505000,-0.002101,0.242660,0.505000
19.020000,0.125333,0.368125,0.770513,0.968583,0.951000,-1.000000,1.000000,1.475123,0.510000,-0.004175,0.470926,0.510000
19.030000,0.187381,0.535827,0.968583,0.929776,0.951500,-1.000000,1.000000,0.910577,0.515000,-0.006204,0.671105,0.515000
19.040000,0.248690,0.684547,0.982287,0.876307,0.952000,-1.000000,1.000000,1.682335,0.520000,-0.008170,0.831155,0.520000
19.050000,0.309017,0.809017,0.809017,0.809017,0.952500,-1.000000,1.000000,-1.107976,0.525000,-0.010055,0.941412,0.525000
19.060000,0.368125,0.904827,0.481754,0.728969,0.953000,-1.000000,1.000000,-0.684908,0.530000,-0.011844,0.995175,0.530000
19.070000,0.425779,0.968583,0.062791,0.637424,0.953500,-1.000000,1.000000,0.352208,0.535000,-0.013521,0.989128,0.535000
19.080000,0.481754,0.998027,-0.368125,0.535827,0.954000,-1.000000,1.000000,0.414350,0.540000,-0.015071,0.923543,0.540000
19.090000,0.535827,0.992115,-0.728969,0.425779,0.954500,-1.000000,1.000000,0.083461,0.545000,-0.016481,0.802280,0.545000
19.100000,0.587785,0.951057,-0.951057,0.309017,0.955000,-1.000000,1.000000,-0.328820,0.550000,-0.017740,0.632570,0.550000
19.110000,0.637424,0.876307,-0.992115,0.187381,0.955500,-1.000000,1.000000,-0.353350,0.555000,-0.018836,0.424585,0.555000
19.120000,0.684547,0.770513,-0.844328,0.062791,0.956000,-1.000000,1.000000,-0.551495,0.560000,-0.019762,0.190836,0.560000
19.130000,0.728969,0.637424,-0.535827,-0.062791,0.956500,-1.000000,1.000000,0.506289,0.565000,-0.020508,-0.054574,0.565000
19.140000,0.770513,0.481754,-0.125333,-0.187381,0.957000,-1.000000,1.000000,-2.705317,0.570000,-0.021070,-0.296802,0.570000
19.150000,0.809017,0.309017,0.309017,-0.309017,0.957500,-1.000000,1.000000,1.653337,0.575000,-0.021442,-0.521159,0.575000
19.160000,0.844328,0.125333,0.684547,-0.425779,0.958000,-1.000000,1.000000,-0.475049,0.580000,-0.021623,-0.714004,0.580000
19.170000,0.876307,-0.062791,0.929776,-0.535827,0.958500,-1.000000,1.000000,-1.378593,0.585000,-0.021612,-0.863575,0.585000
19.180000,0.904827,-0.248690,0.998027,-0.637424,0.959000,-1.000000,1.000000,0.595414,0.590000,-0.021410,-0.960713,0.590000
19.190000,0.929776,-0.425779,0.876307,-0.728969,0.959500,-1.000000,1.000000,-1.355222,0.595000,-0.021018,-0.999427,0.595000
19.200000,0.951057,-0.587785,0.587785,-0.809017,0.960000,-1.000000,1.000000,0.435231,0.600000,-0.020442,-0.977268,0.600000
19.210000,0.968583,-0.728969,0.187381,-0.876307,0.960500,-1.000000,1.000000,-0.353611,0.605000,-0.019686,-0.895497,0.605000
19.220000,0.982287,-0.844328,-0.248690,-0.929776,0.961000,-1.000000,1.000000,0.637843,0.610000,-0.018760,-0.759017,0.610000
19.230000,0.992115,-0.929776,-0.637424,-0.968583,0.961500,-1.000000,1.000000,0.835486,0.615000,-0.017671,-0.576084,0.615000
19.240000,0.998027,-0.982287,-0.904827,-0.992115,0.962000,-1.000000,1.000000,1.339807,0.620000,-0.016429,-0.357820,0.620000
19.250000,1.000000,-1.000000,-1.000000,-1.000000,0.962500,-1.000000,1.000000,-0.451298,0.625000,-0.015047,-0.117537,0.625000
19.260000,0.998027,-0.982287,-0.904827,-0.992115,0.963000,-1.000000,1.000000,-0.248072,0.630000,-0.013537,0.130069,0.630000
19.270000,0.992115,-0.929776,-0.637424,-0.968583,0.963500,-1.000000,1.000000,0.029864,0.635000,-0.011913,0.369818,0.635000
19.280000,0.982287,-0.844328,-0.248690,-0.929776,0.964000,-1.000000,1.000000,-1.373441,0.640000,-0.010190,0.586972,0.640000
19.290000,0.968583,-0.728969,0.187381,-0.876307,0.964500,-1.000000,1.000000,0.633627,0.645000,-0.008384,0.768145,0.645000
19.300000,0.951057,-0.587785,0.587785,-0.809017,0.965000,-1.000000,1.000000,0.168708,0.650000,-0.006510,0.902134,0.650000
19.310000,0.929776,-0.425779,0.876307,-0.728969,0.965500,-1.000000,1.000000,-1.301323,0.655000,-0.004587,0.980613,0.655000
19.320000,0.904827,-0.248690,0.998027,-0.637424,0.966000,-1.000000,1.000000,1.249161,0.660000,-0.002630,0.998660,0.660000
19.330000,0.876307,-0.062791,0.929776,-0.535827,0.966500,-1.000000,1.000000,1.404167,0.665000,-0.000658,0.955070,0.665000
19.340000,0.844328,0.125333,0.684547,-0.425779,0.967000,-1.000000,1.000000,-1.279276,0.670000,0.001312,0.852443,0.670000
19.350000,0.809017,0.309017,0.309017,-0.309017,0.967500,-1.000000,1.000000,0.609530,0.675000,0.003263,0.697040,0.675000
19.360000,0.770513,0.481754,-0.125333,-0.187381,0.968000,-1.000000,1.000000,1.287668,0.680000,0.005177,0.498403,0.680000
19.370000,0.728969,0.637424,-0.535827,-0.062791,0.968500,-1.000000,1.000000,0.876492,0.685000,0.007037,0.268779,0.685000
19.380000,0.684547,0.770513,-0.844328,0.062791,0.969000,-1.000000,1.000000,-0.944992,0.690000,0.008828,0.022366,0.690000
19.390000,0.637424,0.876307,-0.992115,0.187381,0.969500,-1.000000,1.000000,-1.361892,0.695000,0.010533,-0.225556,0.695000
19.400000,0.587785,0.951057,-0.951057,0.309017,0.970000,-1.000000,1.000000,-0.080670,0.700000,0.012138,-0.459580,0.700000
19.410000,0.535827,0.992115,-0.728969,0.425779,0.970500,-1.000000,1.000000,-0.461896,0.705000,0.013629,-0.665121,0.705000
19.420000,0.481754,0.998027,-0.368125,0.535827,0.971000,-1.000000,1.000000,0.025706,0.710000,0.014994,-0.829334,0.710000
19.430000,0.425779,0.968583,0.062791,0.637424,0.971500,-1.000000,1.000000,-0.069778,0.715000,0.016220,-0.941919,0.715000
19.440000,0.368125,0.904827,0.481754,0.728969,0.972000,-1.000000,1.000000,0.560006,0.720000,0.017297,-0.995772,0.720000
19.450000,0.309017,0.809017,0.809017,0.809017,0.972500,-1.000000,1.000000,-0.528568,0.725000,0.018217,-0.987441,0.725000
19.460000,0.248690,0.684547,0.982287,0.876307,0.973000,-1.000000,1.000000,-0.130340,0.730000,0.018972,-0.917355,0.730000
19.470000,0.187381,0.535827,0.968583,0.929776,0.973500,-1.000000,1.000000,2.999064,0.735000,0.019555,-0.789808,0.735000
19.480000,0.125333,0.368125,0.770513,0.968583,0.974000,-1.000000,1.000000,-0.099431,0.740000,0.019963,-0.612708,0.740000
19.490000,0.062791,0.187381,0.425779,0.992115,0.974500,-1.000000,1.000000,0.766273,0.745000,0.020192,-0.397090,0.745000
19.500000,0.000000,0.000000,-0.000000,1.000000,0.975000,-1.000000,1.000000,0.317560,0.750000,0.020242,-0.156434,0.750000
19.510000,-0.062791,-0.187381,-0.425779,0.992115,0.975500,-1.000000,1.000000,0.246488,0.755000,0.020112,0.094171,0.755000
19.520000,-0.125333,-0.368125,-0.770513,0.968583,0.976000,-1.000000,1.000000,-0.884135,0.760000,0.019804,0.338974,0.760000
19.530000,-0.187381,-0.535827,-0.968583,0.929776,0.976500,-1.000000,1.000000,0.554288,0.765000,0.019322,0.562551,0.765000
19.540000,-0.248690,-0.684547,-0.982287,0.876307,0.977000,-1.000000,1.000000,-0.024892,0.770000,0.018670,0.750776,0.770000
19.550000,-0.309017,-0.809017,-0.809017,0.809017,0.977500,-1.000000,1.000000,0.843672,0.775000,0.017856,0.891719,0.775000
19.560000,-0.368125,-0.904827,-0.481754,0.728969,0.978000,-1.000000,1.000000,2.076914,0.780000,0.016887,0.976408,0.780000
19.570000,-0.425779,-0.968583,-0.062791,0.637424,0.978500,-1.000000,1.000000,0.209866,0.785000,0.015772,0.999405,0.785000
19.580000,-0.481754,-0.998027,0.368125,0.535827,0.979000,-1.000000,1.000000,0.786303,0.790000,0.014522,0.959164,0.790000
19.590000,-0.535827,-0.992115,0.728969,0.425779,0.979500,-1.000000,1.000000,-0.998975,0.795000,0.013147,0.858140,0.795000
19.600000,-0.587785,-0.951057,0.951057,0.309017,0.980000,-1.000000,1.000000,0.141085,0.800000,0.011662,0.702650,0.800000
19.610000,-0.637424,-0.876307,0.992115,0.187381,0.980500,-1.000000,1.000000,1.575383,0.805000,0.010080,0.502483,0.805000
19.620000,-0.684547,-0.770513,0.844328,0.062791,0.981000,-1.000000,1.000000,-0.036278,0.810000,0.008414,0.270291,0.810000
19.630000,-0.728969,-0.637424,0.535827,-0.062791,0.981500,-1.000000,1.000000,-0.613616,0.815000,0.006681,0.020796,0.815000
19.640000,-0.770513,-0.481754,0.125333,-0.187381,0.982000,-1.000000,1.000000,0.229604,0.820000,0.004895,-0.230145,0.820000
19.650000,-0.809017,-0.309017,-0.309017,-0.309017,0.982500,-1.000000,1.000000,-0.161685,0.825000,0.003073,-0.466541,0.825000
19.660000,-0.844328,-0.125333,-0.684547,-0.425779,0.983000,-1.000000,1.000000,-0.217765,0.830000,0.001231,-0.673291,0.830000
19.670000,-0.876307,0.062791,-0.929776,-0.535827,0.983500,-1.000000,1.000000,-0.349987,0.835000,-0.000615,-0.837150,0.835000
19.680000,-0.904827,0.248690,-0.998027,-0.637424,0.984000,-1.000000,1.000000,2.009166,0.840000,-0.002447,-0.947581,0.840000
19.690000,-0.929776,0.425779,-0.876307,-0.728969,0.984500,-1.000000,1.000000,-0.848618,0.845000,-0.004251,-0.997440,0.845000
19.700000,-0.951057,0.587785,-0.587785,-0.809017,0.985000,-1.000000,1.000000,-0.390641,0.850000,-0.006010,-0.983445,0.850000
19.710000,-0.968583,0.728969,-0.187381,-0.876307,0.985500,-1.000000,1.000000,-0.548240,0.855000,-0.007708,-0.906399,0.855000
19.720000,-0.982287,0.844328,0.248690,-0.929776,0.986000,-1.000000,1.000000,1.262112,0.860000,-0.009332,-0.771154,0.860000
19.730000,-0.992115,0.929776,0.637424,-0.968583,0.986500,-1.000000,1.000000,-0.256974,0.865000,-0.010866,-0.586310,0.865000
19.740000,-0.998027,0.982287,0.904827,-0.992115,0.987000,-1.000000,1.000000,1.326126,0.870000,-0.012298,-0.363680,0.870000
19.750000,-1.000000,1.000000,1.000000,-1.000000,0.987500,-1.000000,1.000000,0.188220,0.875000,-0.013615,-0.117537,0.875000
19.760000,-0.998027,0.982287,0.904827,-0.992115,0.988000,-1.000000,1.000000,-0.001745,0.880000,-0.014806,0.136297,0.880000
19.770000,-0.992115,0.929776,0.637424,-0.968583,0.988500,-1.000000,1.000000,-1.439213,0.885000,-0.015862,0.381464,0.885000
19.780000,-0.982287,0.844328,0.248690,-0.929776,0.989000,-1.000000,1.000000,1.232831,0.890000,-0.016772,0.602127,0.890000
19.790000,-0.968583,0.728969,-0.187381,-0.876307,0.989500,-1.000000,1.000000,0.562334,0.895000,-0.017530,0.783993,0.895000
19.800000,-0.951057,0.587785,-0.587785,-0.809017,0.990000,-1.000000,1.000000,0.426338,0.900000,-0.018130,0.915241,0.900000
19.810000,-0.929776,0.425779,-0.876307,-0.728969,0.990500,-1.000000,1.000000,-0.096176,0.905000,-0.018567,0.987302,0.905000
19.820000,-0.904827,0.248690,-0.998027,-0.637424,0.991000,-1.000000,1.000000,-0.395469,0.910000,-0.018837,0.995419,0.910000
19.830000,-0.876307,0.062791,-0.929776,-0.535827,0.991500,-1.000000,1.000000,-1.246888,0.915000,-0.018940,0.938972,0.915000
19.840000,-0.844328,-0.125333,-0.684547,-0.425779,0.992000,-1.000000,1.000000,0.966930,0.920000,-0.018874,0.821532,0.920000
19.850000,-0.809017,-0.309017,-0.309017,-0.309017,0.992500,-1.000000,1.000000,0.290120,0.925000,-0.018641,0.650642,0.925000
19.860000,-0.770513,-0.481754,0.125333,-0.187381,0.993000,-1.000000,1.000000,-0.337942,0.930000,-0.018244,0.437342,0.930000
19.870000,-0.728969,-0.637424,0.535827,-0.062791,0.993500,-1.000000,1.000000,-0.609178,0.935000,-0.017687,0.195460,0.935000
19.880000,-0.684547,-0.770513,0.844328,0.062791,0.994000,-1.000000,1.000000,0.137234,0.940000,-0.016975,-0.059278,0.940000
19.890000,-0.637424,-0.876307,0.992115,0.187381,0.994500,-1.000000,1.000000,-0.069662,0.945000,-0.016116,-0.310272,0.945000
19.900000,-0.587785,-0.951057,0.951057,0.309017,0.995000,-1.000000,1.000000,1.664110,0.950000,-0.015117,-0.541121,0.950000
19.910000,-0.535827,-0.992115,0.728969,0.425779,0.995500,-1.000000,1.000000,0.795183,0.955000,-0.013988,-0.736706,0.955000
19.920000,-0.481754,-0.998027,0.368125,0.535827,0.996000,-1.000000,1.000000,-0.574727,0.960000,-0.012740,-0.884177,0.960000
19.930000,-0.425779,-0.968583,-0.062791,0.637424,0.996500,-1.000000,1.000000,-1.084195,0.965000,-0.011384,-0.973803,0.965000
19.940000,-0.368125,-0.904827,-0.481754,0.728969,0.997000,-1.000000,1.000000,-0.214457,0.970000,-0.009932,-0.999625,0.970000
19.950000,-0.309017,-0.809017,-0.809017,0.809017,0.997500,-1.000000,1.000000,-0.890046,0.975000,-0.008399,-0.959854,0.975000
19.960000,-0.248690,-0.684547,-0.982287,0.876307,0.998000,-1.000000,1.000000,0.097742,0.980000,-0.006797,-0.857009,0.980000
19.970000,-0.187381,-0.535827,-0.968583,0.929776,0.998500,-1.000000,1.000000,0.426057,0.985000,-0.005141,-0.697760,0.985000
19.980000,-0.125333,-0.368125,-0.770513,0.968583,0.999000,-1.000000,1.000000,0.658636,0.990000,-0.003446,-0.492509,0.990000
19.990000,-0.062791,-0.187381,-0.425779,0.992115,0.999500,-1.000000,1.000000,0.439094,0.995000,-0.001727,-0.254710,0.995000
20.000000,-0.000000,-0.000000,-0.000000,1.000000,1.000000,-1.000000,1.000000,-0.166870,0.000000,-0.000000,0.000000,1.000000
